Picked up _JAVA_OPTIONS: 
LOG  : General      f:0 st:34,832,221> SLF4J(W): No SLF4J providers were found.
LOG  : General      f:0 st:34,832,223> SLF4J(W): Defaulting to no-operation (NOP) logger implementation
LOG  : General      f:0 st:34,832,224> SLF4J(W): See https://www.slf4j.org/codes.html#noProviders for further details.
LOG  : General      f:0 st:34,832,338> Logs configuration:
LOG  : General      f:0 st:34,832,343>      General: General
LOG  : General      f:0 st:34,832,343>      Network: General
LOG  : General      f:0 st:34,832,344>          Lua: General
LOG  : General      f:0 st:34,832,344>          Mod: General
LOG  : General      f:0 st:34,832,345>  Multiplayer: General
LOG  : General      f:0 st:34,832,345>       Packet: Warning
LOG  : General      f:0 st:34,832,346> NetworkFileDebug: Warning
LOG  : General      f:0 st:34,832,346>         ZNet: Warning
LOG  : General      f:0 st:34,832,347> DetailedInfo: Warning
LOG  : General      f:0 st:34,832,347>    LuaObject: Warning
LOG  : General      f:0 st:34,832,347>   GameOption: Warning
LOG  : General      f:0 st:34,832,348>        Sound: Warning
LOG  : General      f:0 st:34,832,348>       Zombie: Warning
LOG  : General      f:0 st:34,832,348>       Combat: Warning
LOG  : General      f:0 st:34,832,349>      Objects: Warning
LOG  : General      f:0 st:34,832,349>    Fireplace: Warning
LOG  : General      f:0 st:34,832,350>        Radio: Warning
LOG  : General      f:0 st:34,832,350>   MapLoading: Warning
LOG  : General      f:0 st:34,832,350>     Clothing: Warning
LOG  : General      f:0 st:34,832,351>    Animation: Warning
LOG  : General      f:0 st:34,832,351> AnimationDetailed: Warning
LOG  : General      f:0 st:34,832,352> AnimationLayers: Warning
LOG  : General      f:0 st:34,832,352>        Asset: Warning
LOG  : General      f:0 st:34,832,352>       Script: Warning
LOG  : General      f:0 st:34,832,353>       Shader: Warning
LOG  : General      f:0 st:34,832,353>       Sprite: Warning
LOG  : General      f:0 st:34,832,354>        Input: Warning
LOG  : General      f:0 st:34,832,354>       Recipe: Warning
LOG  : General      f:0 st:34,832,354> ActionSystem: Warning
LOG  : General      f:0 st:34,832,355> ActionSystemEvents: Warning
LOG  : General      f:0 st:34,832,355>    IsoRegion: Warning
LOG  : General      f:0 st:34,832,356>       FileIO: Warning
LOG  : General      f:0 st:34,832,356>       Damage: Warning
LOG  : General      f:0 st:34,832,356>        Death: Warning
LOG  : General      f:0 st:34,832,357>      Discord: Warning
LOG  : General      f:0 st:34,832,357>    Statistic: Warning
LOG  : General      f:0 st:34,832,357>      Vehicle: Warning
LOG  : General      f:0 st:34,832,358>   VehicleHit: Warning
LOG  : General      f:0 st:34,832,358>        Voice: Warning
LOG  : General      f:0 st:34,832,359>     Checksum: Warning
LOG  : General      f:0 st:34,832,359>       Animal: Warning
LOG  : General      f:0 st:34,832,359>   ItemPicker: Warning
LOG  : General      f:0 st:34,832,360>   CraftLogic: Warning
LOG  : General      f:0 st:34,832,360>       Action: Warning
LOG  : General      f:0 st:34,832,361>       Entity: Warning
LOG  : General      f:0 st:34,832,361>    Lightning: Warning
LOG  : General      f:0 st:34,832,361>      Grapple: Warning
LOG  : General      f:0 st:34,832,362>    ExitDebug: Warning
LOG  : General      f:0 st:34,832,362>   BodyDamage: Warning
LOG  : General      f:0 st:34,832,362>          Xml: Warning
LOG  : General      f:0 st:34,832,363>      Physics: Warning
LOG  : General      f:0 st:34,832,363>   Ballistics: Warning
LOG  : General      f:0 st:34,832,363>      Ragdoll: Warning
LOG  : General      f:0 st:34,832,364>     PZBullet: Warning
LOG  : General      f:0 st:34,832,364> ModelManager: Warning
LOG  : General      f:0 st:34,832,364> LoadAnimation: Warning
LOG  : General      f:0 st:34,832,365>         Zone: Warning
LOG  : General      f:0 st:34,832,365>     WorldGen: Warning
LOG  : General      f:0 st:34,832,365>     Foraging: Warning
LOG  : General      f:0 st:34,832,366>       Saving: Warning
LOG  : General      f:0 st:34,832,366>        Fluid: Warning
LOG  : General      f:0 st:34,832,367>       Energy: Warning
LOG  : General      f:0 st:34,832,367>  Translation: Warning
LOG  : General      f:0 st:34,832,367>     Moveable: Warning
LOG  : General      f:0 st:34,832,368>     Basement: Warning
LOG  : General      f:0 st:34,832,368>   FallDamage: Warning
LOG  : General      f:0 st:34,832,368>        ImGui: Warning
LOG  : General      f:0 st:34,832,369> CharacterTrait: Warning
LOG  : General      f:0 st:34,832,369>         ISUI: Warning
LOG  : General      f:0 st:34,832,369> ISUIStackTrace: Warning
LOG  : General      f:0 st:34,832,370> FaceLocationFix: Warning
LOG  : General      f:0 st:34,832,370>      Context: Warning
LOG  : General      f:0 st:34,832,370> AnimationRecorder: Warning
LOG  : General      f:0 st:34,832,371>      Default: Warning
LOG  : General      f:0 st:34,832,371> version=42.20.4 b0bbce05d5 demo=false
LOG  : General      f:0 st:34,832,372> revision=b0bbce05d5
LOG  : General      f:0 st:34,832,383> map_t.bin does not exist, cannot determine the server's WorldVersion.  This is ok the first time a server is started.
LOG  : General      f:0 st:34,832,385> Loading networking libraries...
LOG  : General      f:0 st:34,832,386> Loading RakNet64...
LOG  : General      f:0 st:34,832,398> Loading ZNetNoSteam64...
LOG  : General      f:0 st:34,832,432> SteamUtils started without Steam
LOG  : General      f:0 st:34,851,916> compressionElapsed=139ms, mergingElapsed=36ms
LOG  : General      f:0 st:34,851,919> Backup made in 183 ms
LOG  : General      f:0 st:34,851,936> compressionElapsed=7ms, mergingElapsed=7ms
LOG  : General      f:0 st:34,851,937> Backup made in 16 ms
LOG  : General      f:0 st:34,853,212> Administrator account 'admin' created.
LOG  : General      f:0 st:34,853,483> admin password changed via -adminpassword option
LOG  : General      f:0 st:34,853,483> Router detection/configuration starting.
LOG  : General      f:0 st:34,853,484> If the server hangs here, set UPnP=false.
LOG  : General      f:0 st:34,856,505> trying to setup port forwarding rules...
LOG  : Network      f:0 st:34,856,517> Default port has been mapped successfully
LOG  : Network      f:0 st:34,856,517> Initialising Server Systems...
LOG  : General      f:0 st:34,863,045> scriptChecksum: 96412105bed4585e5d2a315edcd208c3
ERROR: General      f:0 st:34,864,033 at FluidContainerScript.load           > Sanitizing container name 'Large Bucket', name may not contain whitespaces.
WARN : Script       f:0 st:34,864,684 at VehicleScript.Loaded                > vehicle "RaceCar58" extents != physicsChassisShape
WARN : Script       f:0 st:34,864,800 at VehicleScript.Loaded                > vehicle "AmbulanceBurnt" extents != physicsChassisShape
WARN : Script       f:0 st:34,864,841 at VehicleScript.Loaded                > vehicle "PickUpVanLightsBurnt" extents != physicsChassisShape
WARN : Script       f:0 st:34,864,890 at VehicleScript.Loaded                > vehicle "Trailer_Horsebox" extents != physicsChassisShape
WARN : Script       f:0 st:34,864,989 at VehicleScript.Loaded                > vehicle "ModernCar02Burnt" extents != physicsChassisShape
WARN : Script       f:0 st:34,865,011 at VehicleScript.Loaded                > vehicle "RaceCarBurnt" extents != physicsChassisShape
WARN : Script       f:0 st:34,865,033 at VehicleScript.Loaded                > vehicle "Trailer_Livestock" extents != physicsChassisShape
WARN : Script       f:0 st:34,865,049 at VehicleScript.Loaded                > vehicle "RaceCar34" extents != physicsChassisShape
WARN : Script       f:0 st:34,865,124 at VehicleScript.Loaded                > vehicle "RaceCar12" extents != physicsChassisShape
ERROR: General      f:0 st:34,865,163 at FluidContainerScript.load           > Sanitizing container name 'Fuel Pump', name may not contain whitespaces.
WARN : General      f:0 st:34,865,396 at XuiSkin$EntityUiStyle.Load          > Could not find icon: Item_Dice, script = Entity_DisplayName_Default
WARN : General      f:0 st:34,865,397 at XuiSkin$EntityUiStyle.LoadComponentInfo> Could not find icon: Item_Dice
WARN : General      f:0 st:34,865,397 at XuiSkin$EntityUiStyle.LoadComponentInfo> Could not find icon: Item_Dice
WARN : General      f:0 st:34,865,398 at XuiSkin$EntityUiStyle.LoadComponentInfo> Could not find icon: Item_Dice
WARN : General      f:0 st:34,865,398 at XuiSkin$EntityUiStyle.LoadComponentInfo> Could not find icon: Item_Dice
WARN : General      f:0 st:34,865,401 at XuiSkin$EntityUiStyle.Load          > Could not find icon: Build_FloorDirt, script = Suelo de Tierra
WARN : General      f:0 st:34,865,401 at XuiSkin$EntityUiStyle.Load          > Could not find icon: Build_DoorframeStone, script = Marco de Puerta de Piedra
WARN : General      f:0 st:34,865,401 at XuiSkin$EntityUiStyle.Load          > Could not find icon: Build_PotteryBench, script = Banco de Cerámica
WARN : General      f:0 st:34,865,402 at XuiSkin$EntityUiStyle.LoadComponentInfo> Could not find icon: Build_PotteryBench
WARN : General      f:0 st:34,865,402 at XuiSkin$EntityUiStyle.Load          > Could not find icon: Build_Cairn, script = Montículo de Piedras
WARN : General      f:0 st:34,865,402 at XuiSkin$EntityUiStyle.Load          > Could not find icon: Build_WallWood, script = Muro de Madera (Avanzado)
WARN : General      f:0 st:34,865,403 at XuiSkin$EntityUiStyle.Load          > Could not find icon: Build_WallWood, script = Muro de Madera (Básico)
WARN : General      f:0 st:34,865,403 at XuiSkin$EntityUiStyle.Load          > Could not find icon: Build_LeanToShelterSticks, script = Refugio Inclinado
WARN : General      f:0 st:34,865,403 at XuiSkin$EntityUiStyle.Load          > Could not find icon: Build_PotteryWheel, script = Rueda de Cerámica
WARN : General      f:0 st:34,865,404 at XuiSkin$EntityUiStyle.LoadComponentInfo> Could not find icon: Build_PotteryWheel
WARN : General      f:0 st:34,865,404 at XuiSkin$EntityUiStyle.Load          > Could not find icon: Build_CabinetStone, script = Gabinete de Piedra
WARN : General      f:0 st:34,865,405 at XuiSkin$EntityUiStyle.Load          > Could not find icon: Build_WallWood, script = Muro de Madera (Artesano)
WARN : General      f:0 st:34,865,406 at XuiSkin$EntityUiStyle.Load          > Could not find icon: Build_WoodSign_Left, script = Pintar letrero - Flecha izquierda
WARN : General      f:0 st:34,865,406 at XuiSkin$EntityUiStyle.Load          > Could not find icon: Build_PrimitiveFurnace, script = Horno de Fundición Primitivo
WARN : General      f:0 st:34,865,407 at XuiSkin$EntityUiStyle.Load          > Could not find icon: Build_DoorframeWood, script = Marco de Puerta de Madera (Artesano)
WARN : General      f:0 st:34,865,407 at XuiSkin$EntityUiStyle.Load          > Could not find icon: Build_DoorframeWood, script = Marco de Puerta de Madera (Avanzado)
WARN : General      f:0 st:34,865,407 at XuiSkin$EntityUiStyle.Load          > Could not find icon: Build_DoorframeWood, script = Marco de Puerta de Madera (Básico)
WARN : General      f:0 st:34,865,408 at XuiSkin$EntityUiStyle.Load          > Could not find icon: Build_WindowframeLogs, script = Marco de Ventana de Troncos
WARN : General      f:0 st:34,865,408 at XuiSkin$EntityUiStyle.Load          > Could not find icon: Build_FloorGravel, script = Suelo de Grava
WARN : General      f:0 st:34,865,409 at XuiSkin$EntityUiStyle.Load          > Could not find icon: Item_WaterBottle, script = Bottling Machine
WARN : General      f:0 st:34,865,409 at XuiSkin$EntityUiStyle.Load          > Could not find icon: Build_WallBrick, script = Muro de Ladrillo (Básico)
WARN : General      f:0 st:34,865,409 at XuiSkin$EntityUiStyle.Load          > Could not find icon: Build_WallBrick, script = Muro de Ladrillo (Artesano)
WARN : General      f:0 st:34,865,409 at XuiSkin$EntityUiStyle.Load          > Could not find icon: Build_DryingFrameLarge, script = Estante Grande para Secar Cuero
WARN : General      f:0 st:34,865,410 at XuiSkin$EntityUiStyle.Load          > Could not find icon: Build_RippleComb, script = Peine Ondulador
WARN : General      f:0 st:34,865,410 at XuiSkin$EntityUiStyle.Load          > Could not find icon: Build_Wall_Paint, script = Pintar pared / objeto
WARN : General      f:0 st:34,865,410 at XuiSkin$EntityUiStyle.Load          > Could not find icon: Build_FenceWood, script = Valla de Madera (Artesano)
WARN : General      f:0 st:34,865,411 at XuiSkin$EntityUiStyle.Load          > Could not find icon: Build_FenceWood, script = Valla de Madera (Avanzado)
WARN : General      f:0 st:34,865,411 at XuiSkin$EntityUiStyle.Load          > Could not find icon: Build_LogTable, script = Mesa de Troncos
WARN : General      f:0 st:34,865,412 at XuiSkin$EntityUiStyle.Load          > Could not find icon: Build_FenceWood, script = Valla de Madera (Básico)
WARN : General      f:0 st:34,865,412 at XuiSkin$EntityUiStyle.Load          > Could not find icon: Build_ForgeAdvanced, script = Forja Avanzada
WARN : General      f:0 st:34,865,412 at XuiSkin$EntityUiStyle.Load          > Could not find icon: Build_GunLocker, script = Casillero Metálico Pequeño (Artesano)
WARN : General      f:0 st:34,865,413 at XuiSkin$EntityUiStyle.Load          > Could not find icon: Build_GunLocker, script = Casillero Metálico Pequeño (Básico)
WARN : General      f:0 st:34,865,413 at XuiSkin$EntityUiStyle.Load          > Could not find icon: Build_RainCollectorCrate, script = Caja Recolectora de Lluvia (Lona)
WARN : General      f:0 st:34,865,413 at XuiSkin$EntityUiStyle.Load          > Could not find icon: Build_ButterChurn, script = Cubo para Mantequilla
WARN : General      f:0 st:34,865,414 at XuiSkin$EntityUiStyle.Load          > Could not find icon: Build_Stake_SkullCow, script = Poste con Cráneo de Vaca
WARN : General      f:0 st:34,865,414 at XuiSkin$EntityUiStyle.Load          > Could not find icon: Build_FloorTileMetal, script = Suelo Metálico
WARN : General      f:0 st:34,865,414 at XuiSkin$EntityUiStyle.Load          > Could not find icon: Build_Handpress, script = Prensa Manual
WARN : General      f:0 st:34,865,415 at XuiSkin$EntityUiStyle.LoadComponentInfo> Could not find icon: Build_Handpress
WARN : General      f:0 st:34,865,415 at XuiSkin$EntityUiStyle.Load          > Could not find icon: Build_MetalCounterCorner, script = Esquina de Mostrador Metálico (Artesano)
WARN : General      f:0 st:34,865,415 at XuiSkin$EntityUiStyle.Load          > Could not find icon: Build_MetalCounterCorner, script = Esquina de Mostrador Metálico (Básico)
WARN : General      f:0 st:34,865,416 at XuiSkin$EntityUiStyle.Load          > Could not find icon: Build_WoodCounterCorner, script = Esquina de Mostrador de Madera (Básico)
WARN : General      f:0 st:34,865,416 at XuiSkin$EntityUiStyle.Load          > Could not find icon: Build_HeckleComb, script = Peine para Fibras
WARN : General      f:0 st:34,865,416 at XuiSkin$EntityUiStyle.Load          > Could not find icon: Build_Stake_SkullPig, script = Poste con Cráneo de Cerdo
WARN : General      f:0 st:34,865,417 at XuiSkin$EntityUiStyle.Load          > Could not find icon: Build_ScutchingBoard, script = Tabla de Escochado
WARN : General      f:0 st:34,865,417 at XuiSkin$EntityUiStyle.Load          > Could not find icon: Build_FenceMetalPosts, script = Portón de Poste Metálico
WARN : General      f:0 st:34,865,417 at XuiSkin$EntityUiStyle.Load          > Could not find icon: Build_DoublePoleGate, script = Portón Alto Doble de Poste de Metal
WARN : General      f:0 st:34,865,417 at XuiSkin$EntityUiStyle.Load          > Could not find icon: Build_WoodCounter, script = Mostrador de Madera (Avanzado)
WARN : General      f:0 st:34,865,418 at XuiSkin$EntityUiStyle.Load          > Could not find icon: Build_WoodCounterCorner, script = Esquina de Mostrador de Madera (Artesano)
WARN : General      f:0 st:34,865,418 at XuiSkin$EntityUiStyle.Load          > Could not find icon: Build_WoodCounter, script = Mostrador de Madera (Básico)
WARN : General      f:0 st:34,865,418 at XuiSkin$EntityUiStyle.Load          > Could not find icon: Build_WoodCounterCorner, script = Esquina de Mostrador de Madera (Avanzado)
WARN : General      f:0 st:34,865,419 at XuiSkin$EntityUiStyle.Load          > Could not find icon: Build_WoodCounter, script = Mostrador de Madera (Artesano)
WARN : General      f:0 st:34,865,419 at XuiSkin$EntityUiStyle.Load          > Could not find icon: Build_RainCollectorBarrel2, script = Barril Recolector de Lluvia (Bolsas de Basura)
WARN : General      f:0 st:34,865,420 at XuiSkin$EntityUiStyle.Load          > Could not find icon: Build_WoodSign_Up, script = Pintar letrero - Flecha arriba
WARN : General      f:0 st:34,865,420 at XuiSkin$EntityUiStyle.Load          > Could not find icon: Build_WoodSign_Right, script = Pintar letrero - Flecha derecha
WARN : General      f:0 st:34,865,420 at XuiSkin$EntityUiStyle.Load          > Could not find icon: Item_SheetMetal, script = Hydraulic Press
WARN : General      f:0 st:34,865,421 at XuiSkin$EntityUiStyle.Load          > Could not find icon: Build_FenceMetal, script = Valla Metálica (Artesano)
WARN : General      f:0 st:34,865,421 at XuiSkin$EntityUiStyle.Load          > Could not find icon: Build_FenceLogs, script = Valla de Troncos
WARN : General      f:0 st:34,865,421 at XuiSkin$EntityUiStyle.Load          > Could not find icon: Build_FenceMetal, script = Valla Metálica (Básica)
WARN : General      f:0 st:34,865,422 at XuiSkin$EntityUiStyle.Load          > Could not find icon: Item_Orange, script = Juice Maker
WARN : General      f:0 st:34,865,422 at XuiSkin$EntityUiStyle.Load          > Could not find icon: Build_Campfire, script = Hoguera
WARN : General      f:0 st:34,865,422 at XuiSkin$EntityUiStyle.LoadComponentInfo> Could not find icon: Build_Campfire
WARN : General      f:0 st:34,865,422 at XuiSkin$EntityUiStyle.Load          > Could not find icon: Build_StairsMetal, script = Escaleras Metálicas
WARN : General      f:0 st:34,865,423 at XuiSkin$EntityUiStyle.Load          > Could not find icon: Build_TroughWoodShort, script = Comedero Corto de Madera
WARN : General      f:0 st:34,865,423 at XuiSkin$EntityUiStyle.Load          > Could not find icon: Item_Anvil_Forged, script = Advanced Makeshift Electric Blower Forge
WARN : General      f:0 st:34,865,423 at XuiSkin$EntityUiStyle.LoadComponentInfo> Could not find icon: Item_Anvil_Forged
WARN : General      f:0 st:34,865,424 at XuiSkin$EntityUiStyle.Load          > Could not find icon: Build_WallStone, script = Muro de Piedra
WARN : General      f:0 st:34,865,424 at XuiSkin$EntityUiStyle.Load          > Could not find icon: Build_Stake_SkullDoe, script = Poste con Cráneo de Cierva
WARN : General      f:0 st:34,865,424 at XuiSkin$EntityUiStyle.Load          > Could not find icon: Build_WindowBlack, script = Mostrador de Madera
WARN : General      f:0 st:34,865,425 at XuiSkin$EntityUiStyle.Load          > Could not find icon: Item_Clamp_Forged, script = Standing Drill Press
WARN : General      f:0 st:34,865,425 at XuiSkin$EntityUiStyle.LoadComponentInfo> Could not find icon: Item_Clamp_Forged
WARN : General      f:0 st:34,865,425 at XuiSkin$EntityUiStyle.Load          > Could not find icon: Build_KilnSmall, script = Horno de Alfarería Primitivo
WARN : General      f:0 st:34,865,425 at XuiSkin$EntityUiStyle.Load          > Could not find icon: Build_ShelvesMetal, script = Estanterías Metálicas (Básico)
WARN : General      f:0 st:34,865,426 at XuiSkin$EntityUiStyle.Load          > Could not find icon: Build_ShelvesMetal, script = Estanterías Metálicas (Artesano)
WARN : General      f:0 st:34,865,426 at XuiSkin$EntityUiStyle.Load          > Could not find icon: Build_DomeKiln, script = Horno en cúpula
WARN : General      f:0 st:34,865,426 at XuiSkin$EntityUiStyle.Load          > Could not find icon: Build_Loom, script = Loom
WARN : General      f:0 st:34,865,427 at XuiSkin$EntityUiStyle.Load          > Could not find icon: Build_BarricadeWindow_Sheet, script = Barricada con chapa metálica
WARN : General      f:0 st:34,865,427 at XuiSkin$EntityUiStyle.Load          > Could not find icon: Build_DoubleWoodGate, script = Portón Doble Alto de Madera
WARN : General      f:0 st:34,865,427 at XuiSkin$EntityUiStyle.Load          > Could not find icon: Build_StoneMill, script = Molino de Piedra
WARN : General      f:0 st:34,865,428 at XuiSkin$EntityUiStyle.LoadComponentInfo> Could not find icon: Build_StoneMill
WARN : General      f:0 st:34,865,428 at XuiSkin$EntityUiStyle.Load          > Could not find icon: Build_WallMetal, script = Muro Metálico (Artesano)
WARN : General      f:0 st:34,865,428 at XuiSkin$EntityUiStyle.Load          > Could not find icon: Item_ClayMold_Shingle, script = Well
WARN : General      f:0 st:34,865,428 at XuiSkin$EntityUiStyle.Load          > Could not find icon: Item_Boulder, script = Roca
WARN : General      f:0 st:34,865,429 at XuiSkin$EntityUiStyle.LoadComponentInfo> Could not find icon: Item_Boulder
WARN : General      f:0 st:34,865,429 at XuiSkin$EntityUiStyle.Load          > Could not find icon: Build_WindowframeWood, script = Marco de Ventana de Madera (Avanzado)
WARN : General      f:0 st:34,865,429 at XuiSkin$EntityUiStyle.Load          > Could not find icon: Build_WindowframeWood, script = Marco de Ventana de Madera (Artesano)
WARN : General      f:0 st:34,865,430 at XuiSkin$EntityUiStyle.Load          > Could not find icon: Build_StickBookcase, script = Estantería de Madera Rústica
WARN : General      f:0 st:34,865,430 at XuiSkin$EntityUiStyle.Load          > Could not find icon: Build_CabinetMetal, script = Gran Armario Metálico (Básico)
WARN : General      f:0 st:34,865,430 at XuiSkin$EntityUiStyle.Load          > Could not find icon: Build_ChoppingBlock, script = Tajo de Madera
WARN : General      f:0 st:34,865,431 at XuiSkin$EntityUiStyle.LoadComponentInfo> Could not find icon: Build_ChoppingBlock
WARN : General      f:0 st:34,865,431 at XuiSkin$EntityUiStyle.Load          > Could not find icon: Build_WallMetal, script = Muro Metálico (Básico)
WARN : General      f:0 st:34,865,431 at XuiSkin$EntityUiStyle.Load          > Could not find icon: Item_Logs, script = Sawmill
WARN : General      f:0 st:34,865,432 at XuiSkin$EntityUiStyle.Load          > Could not find icon: Build_WindowframeWood, script = Marco de Ventana de Madera (Básico)
WARN : General      f:0 st:34,865,432 at XuiSkin$EntityUiStyle.Load          > Could not find icon: Build_CabinetMetal, script = Gran Armario Metálico (Artesano)
WARN : General      f:0 st:34,865,432 at XuiSkin$EntityUiStyle.Load          > Could not find icon: Build_WindowframeBrick, script = Marco de Ventana de Ladrillo (Artesano)
WARN : General      f:0 st:34,865,432 at XuiSkin$EntityUiStyle.Load          > Could not find icon: Build_WindowframeBrick, script = Marco de Ventana de Ladrillo (Básico)
WARN : General      f:0 st:34,865,433 at XuiSkin$EntityUiStyle.Load          > Could not find icon: Build_CookingPitSimple, script = Hoguera Simple (Piedras)
WARN : General      f:0 st:34,865,433 at XuiSkin$EntityUiStyle.Load          > Could not find icon: Build_FenceWire, script = Valla de Alambre de Espino
WARN : General      f:0 st:34,865,433 at XuiSkin$EntityUiStyle.Load          > Could not find icon: Build_CrateMetal, script = Caja Metálica (Artesano)
WARN : General      f:0 st:34,865,434 at XuiSkin$EntityUiStyle.Load          > Could not find icon: Build_CrateMetal, script = Caja Metálica (Básica)
WARN : General      f:0 st:34,865,434 at XuiSkin$EntityUiStyle.Load          > Could not find icon: Build_AnvilStone, script = Yunque de Piedra
WARN : General      f:0 st:34,865,434 at XuiSkin$EntityUiStyle.LoadComponentInfo> Could not find icon: Build_AnvilStone
WARN : General      f:0 st:34,865,435 at XuiSkin$EntityUiStyle.Load          > Could not find icon: Item_WaterTank, script = Water Dispenser
WARN : General      f:0 st:34,865,435 at XuiSkin$EntityUiStyle.Load          > Could not find icon: Build_DoorframeMetal, script = Marco de Puerta Metálico (Básico)
WARN : General      f:0 st:34,865,435 at XuiSkin$EntityUiStyle.Load          > Could not find icon: Build_LeanToShelterLeather, script = Refugio de Cuero
WARN : General      f:0 st:34,865,436 at XuiSkin$EntityUiStyle.Load          > Could not find icon: Build_DoorframeMetal, script = Marco de Puerta Metálico (Artesano)
WARN : General      f:0 st:34,865,436 at XuiSkin$EntityUiStyle.Load          > Could not find icon: Build_TableLargeWood, script = Mesa de Madera (Avanzado)
WARN : General      f:0 st:34,865,436 at XuiSkin$EntityUiStyle.LoadComponentInfo> Could not find icon: Build_TableLargeWood
WARN : General      f:0 st:34,865,436 at XuiSkin$EntityUiStyle.Load          > Could not find icon: Build_LogSeat2, script = Taburete Rústico de Madera
WARN : General      f:0 st:34,865,437 at XuiSkin$EntityUiStyle.Load          > Could not find icon: Build_TableLargeWood, script = Mesa de Madera (Básico)
WARN : General      f:0 st:34,865,437 at XuiSkin$EntityUiStyle.LoadComponentInfo> Could not find icon: Build_TableLargeWood
WARN : General      f:0 st:34,865,438 at XuiSkin$EntityUiStyle.Load          > Could not find icon: Build_TableLargeWood, script = Mesa de Madera (Artesano)
WARN : General      f:0 st:34,865,438 at XuiSkin$EntityUiStyle.LoadComponentInfo> Could not find icon: Build_TableLargeWood
WARN : General      f:0 st:34,865,438 at XuiSkin$EntityUiStyle.Load          > Could not find icon: Build_HerbDryerSmall, script = Secadero simple para plantas pequeñas
WARN : General      f:0 st:34,865,439 at XuiSkin$EntityUiStyle.Load          > Could not find icon: Build_DoorframeBrick, script = Marco de Puerta de Ladrillo (Básico)
WARN : General      f:0 st:34,865,439 at XuiSkin$EntityUiStyle.Load          > Could not find icon: Build_DoorframeBrick, script = Marco de Puerta de Ladrillo (Artesano)
WARN : General      f:0 st:34,865,439 at XuiSkin$EntityUiStyle.Load          > Could not find icon: Item_Key_Blank, script = Key Duplicator
WARN : General      f:0 st:34,865,439 at XuiSkin$EntityUiStyle.Load          > Could not find icon: Build_MetalCounter, script = Mostrador Metálico (Básico)
WARN : General      f:0 st:34,865,440 at XuiSkin$EntityUiStyle.Load          > Could not find icon: Build_MetalCounter, script = Mostrador Metálico (Artesano)
WARN : General      f:0 st:34,865,440 at XuiSkin$EntityUiStyle.Load          > Could not find icon: Build_WallLogs, script = Muro de Troncos
WARN : General      f:0 st:34,865,440 at XuiSkin$EntityUiStyle.Load          > Could not find icon: Item_Anvil_Forged, script = Electric Blower Forge
WARN : General      f:0 st:34,865,440 at XuiSkin$EntityUiStyle.LoadComponentInfo> Could not find icon: Item_Anvil_Forged
WARN : General      f:0 st:34,865,441 at XuiSkin$EntityUiStyle.Load          > Could not find icon: Build_DryingFrameSmall, script = Estante Pequeño para Secar Cuero
WARN : General      f:0 st:34,865,441 at XuiSkin$EntityUiStyle.Load          > Could not find icon: Build_WindowframeStone, script = Marco de Ventana de Piedra
WARN : General      f:0 st:34,865,441 at XuiSkin$EntityUiStyle.Load          > Could not find icon: Build_FurnaceAdvanced, script = Horno de Fundición Avanzado
WARN : General      f:0 st:34,865,442 at XuiSkin$EntityUiStyle.Load          > Could not find icon: Build_DryingFrameSmall, script = Estante Mediano para Secar Cuero
WARN : General      f:0 st:34,865,442 at XuiSkin$EntityUiStyle.Load          > Could not find icon: Item_Rock, script = Grinding Slab
WARN : General      f:0 st:34,865,442 at XuiSkin$EntityUiStyle.LoadComponentInfo> Could not find icon: Item_Rock
WARN : General      f:0 st:34,865,442 at XuiSkin$EntityUiStyle.Load          > Could not find icon: Build_BarrelOven, script = Horno de Barril Metálico
WARN : General      f:0 st:34,865,443 at XuiSkin$EntityUiStyle.Load          > Could not find icon: Build_CharcoalDrum, script = Barril para Quemar Carbón
WARN : General      f:0 st:34,865,443 at XuiSkin$EntityUiStyle.Load          > Could not find icon: Build_StairsWood, script = Escaleras de Madera
WARN : General      f:0 st:34,865,443 at XuiSkin$EntityUiStyle.Load          > Could not find icon: Item_Ingot_Steel, script = Arc Furnace
WARN : General      f:0 st:34,865,444 at XuiSkin$EntityUiStyle.LoadComponentInfo> Could not find icon: Item_Ingot_Steel
WARN : General      f:0 st:34,865,444 at XuiSkin$EntityUiStyle.Load          > Could not find icon: Build_TroughMetal, script = Comedero Largo Metálico
WARN : General      f:0 st:34,865,444 at XuiSkin$EntityUiStyle.Load          > Could not find icon: Build_KilnLarge, script = Horno de Alfarería Avanzado
WARN : General      f:0 st:34,865,444 at XuiSkin$EntityUiStyle.Load          > Could not find icon: Build_ShelfWood, script = Estantería de Madera (Básico)
WARN : General      f:0 st:34,865,445 at XuiSkin$EntityUiStyle.Load          > Could not find icon: Build_RainCollectorCrate2, script = Caja Recolectora de Lluvia (Bolsas de Basura)
WARN : General      f:0 st:34,865,445 at XuiSkin$EntityUiStyle.Load          > Could not find icon: Build_HerbDryerLarge, script = Secadero simple para plantas grandes
WARN : General      f:0 st:34,865,445 at XuiSkin$EntityUiStyle.Load          > Could not find icon: Build_WoodPicket, script = Marcador de Madera
WARN : General      f:0 st:34,865,445 at XuiSkin$EntityUiStyle.Load          > Could not find icon: Build_ShelfWood, script = Estantería de Madera (Artesano)
WARN : General      f:0 st:34,865,446 at XuiSkin$EntityUiStyle.Load          > Could not find icon: Build_FloorSand, script = Suelo de Arena
WARN : General      f:0 st:34,865,446 at XuiSkin$EntityUiStyle.Load          > Could not find icon: Build_Sidetable, script = Wood Table with Drawer
WARN : General      f:0 st:34,865,446 at XuiSkin$EntityUiStyle.Load          > Could not find icon: Build_TanningBarrel, script = Barril de Tanino
WARN : General      f:0 st:34,865,447 at XuiSkin$EntityUiStyle.Load          > Could not find icon: Build_Sidetable, script = Mesa de Madera con Cajón (Artesano)
WARN : General      f:0 st:34,865,447 at XuiSkin$EntityUiStyle.Load          > Could not find icon: Build_Sidetable, script = Mesa de Madera con Cajón (Básico)
WARN : General      f:0 st:34,865,447 at XuiSkin$EntityUiStyle.Load          > Could not find icon: Build_Bed, script = Cama de Madera
WARN : General      f:0 st:34,865,448 at XuiSkin$EntityUiStyle.Load          > Could not find icon: Build_SmeltingFurnace, script = Forja Simple
WARN : General      f:0 st:34,865,448 at XuiSkin$EntityUiStyle.Load          > Could not find icon: Build_LogBench, script = Banco de Troncos
WARN : General      f:0 st:34,865,448 at XuiSkin$EntityUiStyle.Load          > Could not find icon: Build_StickBookcaseSmall, script = Estante pequeño de madera rústica
WARN : General      f:0 st:34,865,449 at XuiSkin$EntityUiStyle.Load          > Could not find icon: Item_WaterDrop, script = Water Pump
WARN : General      f:0 st:34,865,449 at XuiSkin$EntityUiStyle.Load          > Could not find icon: Build_Grindstone, script = Piedra de Afilar
WARN : General      f:0 st:34,865,449 at XuiSkin$EntityUiStyle.Load          > Could not find icon: Item_Hacksaw, script = Sierra de banda metálica
WARN : General      f:0 st:34,865,450 at XuiSkin$EntityUiStyle.Load          > Could not find icon: Build_BookcaseShort, script = Pequeño Librero de Madera (Artesano)
WARN : General      f:0 st:34,865,450 at XuiSkin$EntityUiStyle.Load          > Could not find icon: Build_MetalworkBench, script = Metalworkbench
WARN : General      f:0 st:34,865,450 at XuiSkin$EntityUiStyle.LoadComponentInfo> Could not find icon: Build_MetalworkBench
WARN : General      f:0 st:34,865,451 at XuiSkin$EntityUiStyle.Load          > Could not find icon: Item_Handle, script = Poste de Valla de Madera
WARN : General      f:0 st:34,865,451 at XuiSkin$EntityUiStyle.LoadComponentInfo> Could not find icon: Item_Handle
WARN : General      f:0 st:34,865,452 at XuiSkin$EntityUiStyle.Load          > Could not find icon: Build_BookcaseShort, script = Pequeño Librero de Madera (Básico)
WARN : General      f:0 st:34,865,452 at XuiSkin$EntityUiStyle.Load          > Could not find icon: Build_Composter, script = Compostador (Básico)
WARN : General      f:0 st:34,865,452 at XuiSkin$EntityUiStyle.Load          > Could not find icon: Build_FenceStakes, script = Valla de Madera Rústica
WARN : General      f:0 st:34,865,453 at XuiSkin$EntityUiStyle.Load          > Could not find icon: Build_DoorframeLogs, script = Marco de Puerta de Troncos
WARN : General      f:0 st:34,865,453 at XuiSkin$EntityUiStyle.Load          > Could not find icon: Build_DoorFenceWood, script = Puerta de Valla de Madera
WARN : General      f:0 st:34,865,453 at XuiSkin$EntityUiStyle.Load          > Could not find icon: Build_SofteningBeam, script = Travesaño Ablandador
WARN : General      f:0 st:34,865,454 at XuiSkin$EntityUiStyle.Load          > Could not find icon: Build_ShortWireFence, script = Cerca de alambrado pequeña
WARN : General      f:0 st:34,865,454 at XuiSkin$EntityUiStyle.Load          > Could not find icon: Build_Stake_SkullStag, script = Poste con Cráneo de Ciervo
WARN : General      f:0 st:34,865,454 at XuiSkin$EntityUiStyle.Load          > Could not find icon: Item_Charcoal, script = Pit of Coals
WARN : General      f:0 st:34,865,454 at XuiSkin$EntityUiStyle.Load          > Could not find icon: Build_HerbDryerSmall, script = Estante Pequeño para Secar Plantas
WARN : General      f:0 st:34,865,455 at XuiSkin$EntityUiStyle.Load          > Could not find icon: Item_BlowTorch, script = Metalwork Lathe
WARN : General      f:0 st:34,865,455 at XuiSkin$EntityUiStyle.LoadComponentInfo> Could not find icon: Item_BlowTorch
WARN : General      f:0 st:34,865,455 at XuiSkin$EntityUiStyle.Load          > Could not find icon: Build_LogTable2, script = Mesa Rústica de Madera
WARN : General      f:0 st:34,865,456 at XuiSkin$EntityUiStyle.Load          > Could not find icon: Build_Coffin, script = Ataúd de Madera
WARN : General      f:0 st:34,865,456 at XuiSkin$EntityUiStyle.Load          > Could not find icon: Build_Stake_Antlers, script = Poste con Cornamenta
WARN : General      f:0 st:34,865,456 at XuiSkin$EntityUiStyle.Load          > Could not find icon: Build_Stake_SkullSheep, script = Poste con Cráneo de Oveja
WARN : General      f:0 st:34,865,457 at XuiSkin$EntityUiStyle.Load          > Could not find icon: Item_WaterDrop, script = Steam Turbine
WARN : General      f:0 st:34,865,457 at XuiSkin$EntityUiStyle.Load          > Could not find icon: Build_Coop2, script = Gallinero (Madera Oscura)
WARN : General      f:0 st:34,865,457 at XuiSkin$EntityUiStyle.Load          > Could not find icon: Build_FenceOpenLogs, script = Portón Ancho de Troncos
WARN : General      f:0 st:34,865,457 at XuiSkin$EntityUiStyle.Load          > Could not find icon: Build_PoleGate, script = Puerta de cerca de Metal
WARN : General      f:0 st:34,865,457 at XuiSkin$EntityUiStyle.Load          > Could not find icon: Build_StairsLogs, script = Escaleras de Troncos
WARN : General      f:0 st:34,865,458 at XuiSkin$EntityUiStyle.Load          > Could not find icon: Item_Toast, script = Toaster
WARN : General      f:0 st:34,865,458 at XuiSkin$EntityUiStyle.Load          > Could not find icon: Build_FloorTilePorcelain, script = Suelo de Baldosas
WARN : General      f:0 st:34,865,458 at XuiSkin$EntityUiStyle.Load          > Could not find icon: Build_CrossSimple, script = Cruz Rústica de Madera
WARN : General      f:0 st:34,865,459 at XuiSkin$EntityUiStyle.Load          > Could not find icon: Item_Charcoal, script = Large Pit of Coals
WARN : General      f:0 st:34,865,459 at XuiSkin$EntityUiStyle.Load          > Could not find icon: Build_ButcherHook, script = Gancho de Carnicero
WARN : General      f:0 st:34,865,459 at XuiSkin$EntityUiStyle.Load          > Could not find icon: Build_SpinningWheel, script = Rueda de Hilar
WARN : General      f:0 st:34,865,459 at XuiSkin$EntityUiStyle.Load          > Could not find icon: Build_Coop, script = Gallinero (Madera Clara)
WARN : General      f:0 st:34,865,460 at XuiSkin$EntityUiStyle.Load          > Could not find icon: Build_Bookcase, script = Librero de Madera (Básico)
WARN : General      f:0 st:34,865,460 at XuiSkin$EntityUiStyle.LoadComponentInfo> Could not find icon: Build_Bookcase
WARN : General      f:0 st:34,865,460 at XuiSkin$EntityUiStyle.Load          > Could not find icon: Item_Petrol, script = Generador
WARN : General      f:0 st:34,865,461 at XuiSkin$EntityUiStyle.Load          > Could not find icon: Build_Bookcase, script = Librero de Madera (Artesano)
WARN : General      f:0 st:34,865,461 at XuiSkin$EntityUiStyle.Load          > Could not find icon: Build_BarricadeWindow_Bars, script = Barricada con barra metálica
WARN : General      f:0 st:34,865,461 at XuiSkin$EntityUiStyle.Load          > Could not find icon: Build_Stake_SkullBull, script = Poste con Cráneo de Toro
WARN : General      f:0 st:34,865,461 at XuiSkin$EntityUiStyle.Load          > Could not find icon: Build_Wall_Plaster, script = Enyesar pared
WARN : General      f:0 st:34,865,462 at XuiSkin$EntityUiStyle.Load          > Could not find icon: Build_CookingPit, script = Foso de Fuego (Bloques de Piedra)
WARN : General      f:0 st:34,865,462 at XuiSkin$EntityUiStyle.Load          > Could not find icon: Build_LoomSimple, script = Telar Simple
WARN : General      f:0 st:34,865,462 at XuiSkin$EntityUiStyle.Load          > Could not find icon: Build_WoodSign_Skull, script = Pintar letrero - Calavera
WARN : General      f:0 st:34,865,463 at XuiSkin$EntityUiStyle.Load          > Could not find icon: Build_WindowframeMetal, script = Marco de Ventana Metálico (Básico)
WARN : General      f:0 st:34,865,463 at XuiSkin$EntityUiStyle.Load          > Could not find icon: Build_WindowframeMetal, script = Marco de Ventana Metálico (Artesano)
WARN : General      f:0 st:34,865,463 at XuiSkin$EntityUiStyle.Load          > Could not find icon: Build_DoubleWireGate, script = Portón Alto Doble de Valla de Alambre
WARN : General      f:0 st:34,865,464 at XuiSkin$EntityUiStyle.Load          > Could not find icon: Build_RainCollectorBarrel, script = Barril Recolector de Lluvia (Lona)
WARN : General      f:0 st:34,865,464 at XuiSkin$EntityUiStyle.Load          > Could not find icon: Build_FenceBrick, script = Muro Bajo de Ladrillo
WARN : General      f:0 st:34,865,464 at XuiSkin$EntityUiStyle.Load          > Could not find icon: Build_LogSeat, script = Short Log Bench
WARN : General      f:0 st:34,865,465 at XuiSkin$EntityUiStyle.LoadComponentInfo> Could not find icon: Build_LogSeat
WARN : General      f:0 st:34,865,465 at XuiSkin$EntityUiStyle.Load          > Could not find icon: Build_FenceMetalPosts, script = Valla de Poste Metálico
WARN : General      f:0 st:34,865,465 at XuiSkin$EntityUiStyle.Load          > Could not find icon: Build_DoorWood, script = Puerta de Madera (Avanzado)
WARN : General      f:0 st:34,865,466 at XuiSkin$EntityUiStyle.Load          > Could not find icon: Build_WallframeMetal, script = Marco de Muro Metálico
WARN : General      f:0 st:34,865,466 at XuiSkin$EntityUiStyle.Load          > Could not find icon: Build_DoorWood, script = Puerta de Madera (Básico)
WARN : General      f:0 st:34,865,466 at XuiSkin$EntityUiStyle.Load          > Could not find icon: Build_WallframeWood, script = Marco de Muro de Madera
WARN : General      f:0 st:34,865,467 at XuiSkin$EntityUiStyle.Load          > Could not find icon: Item_Anvil_Stone, script = Forja Primitiva
WARN : General      f:0 st:34,865,467 at XuiSkin$EntityUiStyle.Load          > Could not find icon: Build_DoorMetal, script = Metal Door (Poor)
WARN : General      f:0 st:34,865,467 at XuiSkin$EntityUiStyle.Load          > Could not find icon: Build_DoorWeldedMetal, script = Metal Door (Shoddy)
WARN : General      f:0 st:34,865,468 at XuiSkin$EntityUiStyle.Load          > Could not find icon: Build_DoorWood, script = Puerta de Madera (Artesano)
WARN : General      f:0 st:34,865,468 at XuiSkin$EntityUiStyle.Load          > Could not find icon: Build_Cross, script = Cruz de Madera
WARN : General      f:0 st:34,865,468 at XuiSkin$EntityUiStyle.Load          > Could not find icon: Build_ShelvesWood, script = Estantes Dobles de Madera
WARN : General      f:0 st:34,865,469 at XuiSkin$EntityUiStyle.Load          > Could not find icon: Item_MugFulll, script = Coffee Machine
WARN : General      f:0 st:34,865,469 at XuiSkin$EntityUiStyle.Load          > Could not find icon: Item_RailroadRail_Short, script = Makeshift Electric Blower Forge
WARN : General      f:0 st:34,865,469 at XuiSkin$EntityUiStyle.LoadComponentInfo> Could not find icon: Item_RailroadRail_Short
WARN : General      f:0 st:34,865,469 at XuiSkin$EntityUiStyle.Load          > Could not find icon: Build_LeanToShelterTarp, script = Refugio de Lona
WARN : General      f:0 st:34,865,470 at XuiSkin$EntityUiStyle.Load          > Could not find icon: Build_HerbDryerLarge, script = Estante Grande para Secar Plantas
WARN : General      f:0 st:34,865,470 at XuiSkin$EntityUiStyle.Load          > Could not find icon: Build_StoneQuern, script = Molino Manual de Piedra
WARN : General      f:0 st:34,865,470 at XuiSkin$EntityUiStyle.LoadComponentInfo> Could not find icon: Build_StoneQuern
WARN : General      f:0 st:34,865,470 at XuiSkin$EntityUiStyle.Load          > Could not find icon: Build_WoodSign, script = Cartel de Madera
WARN : General      f:0 st:34,865,471 at XuiSkin$EntityUiStyle.Load          > Could not find icon: Build_WoodPole_Tall, script = Poste de Madera
WARN : General      f:0 st:34,865,471 at XuiSkin$EntityUiStyle.Load          > Could not find icon: Build_WoodSign_Down, script = Pintar letrero - Flecha abajo
WARN : General      f:0 st:34,865,471 at XuiSkin$EntityUiStyle.Load          > Could not find icon: Item_Dice, script = Test Entity
WARN : General      f:0 st:34,865,471 at XuiSkin$EntityUiStyle.LoadComponentInfo> Could not find icon: Item_Note2
WARN : General      f:0 st:34,865,472 at XuiSkin$EntityUiStyle.Load          > Could not find icon: Build_SandbagWall, script = Muro de Sacos de Arena
WARN : General      f:0 st:34,865,472 at XuiSkin$EntityUiStyle.Load          > Could not find icon: Build_SmeltingFurnace, script = Horno de Fundición Simple
WARN : General      f:0 st:34,865,472 at XuiSkin$EntityUiStyle.Load          > Could not find icon: Build_BarricadeWindow_Plank, script = Barricada con tablones
WARN : General      f:0 st:34,865,472 at XuiSkin$EntityUiStyle.Load          > Could not find icon: Item_Logs, script = Tree Stump
WARN : General      f:0 st:34,865,473 at XuiSkin$EntityUiStyle.LoadComponentInfo> Could not find icon: Item_Logs
WARN : General      f:0 st:34,865,473 at XuiSkin$EntityUiStyle.Load          > Could not find icon: Build_CrateWood, script = Caja de Madera (Artesano)
WARN : General      f:0 st:34,865,473 at XuiSkin$EntityUiStyle.Load          > Could not find icon: Build_TallWireGate, script = Portón de Valla de Alambre
WARN : General      f:0 st:34,865,474 at XuiSkin$EntityUiStyle.Load          > Could not find icon: Build_CrateWood, script = Caja de Madera (Básico)
WARN : General      f:0 st:34,865,474 at XuiSkin$EntityUiStyle.Load          > Could not find icon: Build_DoubleWireFence, script = Valla Alta de Alambre
WARN : General      f:0 st:34,865,474 at XuiSkin$EntityUiStyle.Load          > Could not find icon: Build_Composter, script = Compostador (Artesano)
WARN : General      f:0 st:34,865,474 at XuiSkin$EntityUiStyle.Load          > Could not find icon: Build_Amphora, script = Ánfora
WARN : General      f:0 st:34,865,474 at XuiSkin$EntityUiStyle.Load          > Could not find icon: Build_Coalpit, script = Montón para Quemar Carbón
WARN : General      f:0 st:34,865,475 at XuiSkin$EntityUiStyle.Load          > Could not find icon: Build_FloorTileWood, script = Suelo de Madera (Artesano)
WARN : General      f:0 st:34,865,475 at XuiSkin$EntityUiStyle.Load          > Could not find icon: Build_FloorTileWood, script = Suelo de Madera (Avanzado)
WARN : General      f:0 st:34,865,475 at XuiSkin$EntityUiStyle.Load          > Could not find icon: Build_FloorTileWood, script = Suelo de Madera (Básico)
WARN : General      f:0 st:34,865,475 at XuiSkin$EntityUiStyle.Load          > Could not find icon: Item_CarBatteryCharger, script = CeroSec - FS-800
WARN : General      f:0 st:34,865,476 at XuiSkin$EntityUiStyle.Load          > Could not find icon: Build_Wall_Wallpaper, script = Aplicar papel tapiz
WARN : General      f:0 st:34,865,476 at XuiSkin$EntityUiStyle.Load          > Could not find icon: Build_Chair, script = Silla de Madera (Básico)
WARN : General      f:0 st:34,865,476 at XuiSkin$EntityUiStyle.Load          > Could not find icon: Build_FlashlightLamp, script = Pilar de Linterna de Madera
WARN : General      f:0 st:34,865,477 at XuiSkin$EntityUiStyle.Load          > Could not find icon: Build_Chair, script = Silla de Madera (Avanzado)
WARN : General      f:0 st:34,865,477 at XuiSkin$EntityUiStyle.Load          > Could not find icon: Build_FenceHighMetalPosts, script = Valla Alta de Poste Metálico
WARN : General      f:0 st:34,865,477 at XuiSkin$EntityUiStyle.Load          > Could not find icon: Build_Chair, script = Silla de Madera (Artesano)
WARN : General      f:0 st:34,865,477 at XuiSkin$EntityUiStyle.Load          > Could not find icon: Build_LogStool, script = Taburete de Troncos
WARN : General      f:0 st:34,865,478 at XuiSkin$EntityUiStyle.Load          > Could not find icon: Build_TableSmallWood, script = Mesa Pequeña de Madera (Artesano)
WARN : General      f:0 st:34,865,478 at XuiSkin$EntityUiStyle.LoadComponentInfo> Could not find icon: Build_TableSmallWood
WARN : General      f:0 st:34,865,478 at XuiSkin$EntityUiStyle.Load          > Could not find icon: Build_TableSmallWood, script = Mesa Pequeña de Madera (Avanzado)
WARN : General      f:0 st:34,865,478 at XuiSkin$EntityUiStyle.LoadComponentInfo> Could not find icon: Build_TableSmallWood
WARN : General      f:0 st:34,865,479 at XuiSkin$EntityUiStyle.Load          > Could not find icon: Build_TableSmallWood, script = Mesa Pequeña de Madera (Básico)
WARN : General      f:0 st:34,865,479 at XuiSkin$EntityUiStyle.LoadComponentInfo> Could not find icon: Build_TableSmallWood
WARN : General      f:0 st:34,865,479 at XuiSkin$EntityUiStyle.Load          > Could not find icon: Item_CarBatteryCharger, script = Test Kiln
WARN : General      f:0 st:34,865,479 at XuiSkin$EntityUiStyle.LoadComponentInfo> Could not find icon: Item_Note2
WARN : General      f:0 st:34,865,480 at XuiSkin$EntityUiStyle.Load          > Could not find icon: Build_ShortWireGate, script = Portón de Alambre Metálico
WARN : General      f:0 st:34,865,480 at XuiSkin$EntityUiStyle.Load          > Could not find icon: Build_LogSeat, script = Asiento de Troncos
WARN : General      f:0 st:34,865,480 at XuiSkin$EntityUiStyle.Load          > Could not find icon: Item_PropaneTank, script = Steam Boiler
WARN : General      f:0 st:34,865,480 at XuiSkin$EntityUiStyle.Load          > Could not find icon: Build_TroughWoodLong, script = Comedero Largo de Madera
WARN : General      f:0 st:34,865,480 at XuiSkin$EntityUiStyle.Load          > Could not find icon: Build_MetalworkTable, script = Metalwork Table
WARN : General      f:0 st:34,865,481 at XuiSkin$EntityUiStyle.LoadComponentInfo> Could not find icon: Build_MetalworkTable
WARN : General      f:0 st:34,865,483 at XuiSkin$EntityUiStyle.Load          > Could not find icon: Item_Dice, script = Entity_DisplayName_Default
WARN : General      f:0 st:34,865,483 at XuiSkin$EntityUiStyle.LoadComponentInfo> Could not find icon: Item_Dice
WARN : General      f:0 st:34,865,483 at XuiSkin$EntityUiStyle.LoadComponentInfo> Could not find icon: Item_Dice
WARN : General      f:0 st:34,865,484 at XuiSkin$EntityUiStyle.LoadComponentInfo> Could not find icon: Item_Dice
WARN : General      f:0 st:34,865,484 at XuiSkin$EntityUiStyle.LoadComponentInfo> Could not find icon: Item_Dice
WARN : General      f:0 st:34,865,485 at XuiSkin$EntityUiStyle.Load          > Could not find icon: Build_FloorDirt, script = Suelo de Tierra
WARN : General      f:0 st:34,865,485 at XuiSkin$EntityUiStyle.Load          > Could not find icon: Build_DoorframeStone, script = Marco de Puerta de Piedra
WARN : General      f:0 st:34,865,486 at XuiSkin$EntityUiStyle.Load          > Could not find icon: Build_PotteryBench, script = Banco de Cerámica
WARN : General      f:0 st:34,865,486 at XuiSkin$EntityUiStyle.LoadComponentInfo> Could not find icon: Build_PotteryBench
WARN : General      f:0 st:34,865,487 at XuiSkin$EntityUiStyle.Load          > Could not find icon: Build_Cairn, script = Montículo de Piedras
WARN : General      f:0 st:34,865,487 at XuiSkin$EntityUiStyle.Load          > Could not find icon: Build_WallWood, script = Muro de Madera (Avanzado)
WARN : General      f:0 st:34,865,487 at XuiSkin$EntityUiStyle.Load          > Could not find icon: Build_WallWood, script = Muro de Madera (Básico)
WARN : General      f:0 st:34,865,488 at XuiSkin$EntityUiStyle.Load          > Could not find icon: Build_LeanToShelterSticks, script = Refugio Inclinado
WARN : General      f:0 st:34,865,488 at XuiSkin$EntityUiStyle.Load          > Could not find icon: Build_PotteryWheel, script = Rueda de Cerámica
WARN : General      f:0 st:34,865,488 at XuiSkin$EntityUiStyle.LoadComponentInfo> Could not find icon: Build_PotteryWheel
WARN : General      f:0 st:34,865,489 at XuiSkin$EntityUiStyle.Load          > Could not find icon: Build_CabinetStone, script = Gabinete de Piedra
WARN : General      f:0 st:34,865,489 at XuiSkin$EntityUiStyle.Load          > Could not find icon: Build_WallWood, script = Muro de Madera (Artesano)
WARN : General      f:0 st:34,865,489 at XuiSkin$EntityUiStyle.Load          > Could not find icon: Build_WoodSign_Left, script = Pintar letrero - Flecha izquierda
WARN : General      f:0 st:34,865,490 at XuiSkin$EntityUiStyle.Load          > Could not find icon: Build_PrimitiveFurnace, script = Horno de Fundición Primitivo
WARN : General      f:0 st:34,865,490 at XuiSkin$EntityUiStyle.Load          > Could not find icon: Build_DoorframeWood, script = Marco de Puerta de Madera (Artesano)
WARN : General      f:0 st:34,865,490 at XuiSkin$EntityUiStyle.Load          > Could not find icon: Build_DoorframeWood, script = Marco de Puerta de Madera (Avanzado)
WARN : General      f:0 st:34,865,490 at XuiSkin$EntityUiStyle.Load          > Could not find icon: Build_DoorframeWood, script = Marco de Puerta de Madera (Básico)
WARN : General      f:0 st:34,865,491 at XuiSkin$EntityUiStyle.Load          > Could not find icon: Build_WindowframeLogs, script = Marco de Ventana de Troncos
WARN : General      f:0 st:34,865,491 at XuiSkin$EntityUiStyle.Load          > Could not find icon: Build_FloorGravel, script = Suelo de Grava
WARN : General      f:0 st:34,865,491 at XuiSkin$EntityUiStyle.Load          > Could not find icon: Item_WaterBottle, script = Bottling Machine
WARN : General      f:0 st:34,865,492 at XuiSkin$EntityUiStyle.Load          > Could not find icon: Build_WallBrick, script = Muro de Ladrillo (Básico)
WARN : General      f:0 st:34,865,492 at XuiSkin$EntityUiStyle.Load          > Could not find icon: Build_WallBrick, script = Muro de Ladrillo (Artesano)
WARN : General      f:0 st:34,865,492 at XuiSkin$EntityUiStyle.Load          > Could not find icon: Build_DryingFrameLarge, script = Estante Grande para Secar Cuero
WARN : General      f:0 st:34,865,492 at XuiSkin$EntityUiStyle.Load          > Could not find icon: Build_RippleComb, script = Peine Ondulador
WARN : General      f:0 st:34,865,493 at XuiSkin$EntityUiStyle.Load          > Could not find icon: Build_Wall_Paint, script = Pintar pared / objeto
WARN : General      f:0 st:34,865,493 at XuiSkin$EntityUiStyle.Load          > Could not find icon: Build_FenceWood, script = Valla de Madera (Artesano)
WARN : General      f:0 st:34,865,494 at XuiSkin$EntityUiStyle.Load          > Could not find icon: Build_FenceWood, script = Valla de Madera (Avanzado)
WARN : General      f:0 st:34,865,494 at XuiSkin$EntityUiStyle.Load          > Could not find icon: Build_LogTable, script = Mesa de Troncos
WARN : General      f:0 st:34,865,494 at XuiSkin$EntityUiStyle.Load          > Could not find icon: Build_FenceWood, script = Valla de Madera (Básico)
WARN : General      f:0 st:34,865,495 at XuiSkin$EntityUiStyle.Load          > Could not find icon: Build_ForgeAdvanced, script = Forja Avanzada
WARN : General      f:0 st:34,865,495 at XuiSkin$EntityUiStyle.Load          > Could not find icon: Build_GunLocker, script = Casillero Metálico Pequeño (Artesano)
WARN : General      f:0 st:34,865,495 at XuiSkin$EntityUiStyle.Load          > Could not find icon: Build_GunLocker, script = Casillero Metálico Pequeño (Básico)
WARN : General      f:0 st:34,865,495 at XuiSkin$EntityUiStyle.Load          > Could not find icon: Build_RainCollectorCrate, script = Caja Recolectora de Lluvia (Lona)
WARN : General      f:0 st:34,865,496 at XuiSkin$EntityUiStyle.Load          > Could not find icon: Build_ButterChurn, script = Cubo para Mantequilla
WARN : General      f:0 st:34,865,496 at XuiSkin$EntityUiStyle.Load          > Could not find icon: Build_Stake_SkullCow, script = Poste con Cráneo de Vaca
WARN : General      f:0 st:34,865,496 at XuiSkin$EntityUiStyle.Load          > Could not find icon: Build_FloorTileMetal, script = Suelo Metálico
WARN : General      f:0 st:34,865,497 at XuiSkin$EntityUiStyle.Load          > Could not find icon: Build_Handpress, script = Prensa Manual
WARN : General      f:0 st:34,865,497 at XuiSkin$EntityUiStyle.LoadComponentInfo> Could not find icon: Build_Handpress
WARN : General      f:0 st:34,865,498 at XuiSkin$EntityUiStyle.Load          > Could not find icon: Build_MetalCounterCorner, script = Esquina de Mostrador Metálico (Artesano)
WARN : General      f:0 st:34,865,498 at XuiSkin$EntityUiStyle.Load          > Could not find icon: Build_MetalCounterCorner, script = Esquina de Mostrador Metálico (Básico)
WARN : General      f:0 st:34,865,498 at XuiSkin$EntityUiStyle.Load          > Could not find icon: Build_WoodCounterCorner, script = Esquina de Mostrador de Madera (Básico)
WARN : General      f:0 st:34,865,499 at XuiSkin$EntityUiStyle.Load          > Could not find icon: Build_HeckleComb, script = Peine para Fibras
WARN : General      f:0 st:34,865,499 at XuiSkin$EntityUiStyle.Load          > Could not find icon: Build_Stake_SkullPig, script = Poste con Cráneo de Cerdo
WARN : General      f:0 st:34,865,500 at XuiSkin$EntityUiStyle.Load          > Could not find icon: Build_ScutchingBoard, script = Tabla de Escochado
WARN : General      f:0 st:34,865,500 at XuiSkin$EntityUiStyle.Load          > Could not find icon: Build_FenceMetalPosts, script = Portón de Poste Metálico
WARN : General      f:0 st:34,865,500 at XuiSkin$EntityUiStyle.Load          > Could not find icon: Build_DoublePoleGate, script = Portón Alto Doble de Poste de Metal
WARN : General      f:0 st:34,865,501 at XuiSkin$EntityUiStyle.Load          > Could not find icon: Build_WoodCounter, script = Mostrador de Madera (Avanzado)
WARN : General      f:0 st:34,865,501 at XuiSkin$EntityUiStyle.Load          > Could not find icon: Build_WoodCounterCorner, script = Esquina de Mostrador de Madera (Artesano)
WARN : General      f:0 st:34,865,501 at XuiSkin$EntityUiStyle.Load          > Could not find icon: Build_WoodCounter, script = Mostrador de Madera (Básico)
WARN : General      f:0 st:34,865,502 at XuiSkin$EntityUiStyle.Load          > Could not find icon: Build_WoodCounterCorner, script = Esquina de Mostrador de Madera (Avanzado)
WARN : General      f:0 st:34,865,502 at XuiSkin$EntityUiStyle.Load          > Could not find icon: Build_WoodCounter, script = Mostrador de Madera (Artesano)
WARN : General      f:0 st:34,865,502 at XuiSkin$EntityUiStyle.Load          > Could not find icon: Build_RainCollectorBarrel2, script = Barril Recolector de Lluvia (Bolsas de Basura)
WARN : General      f:0 st:34,865,503 at XuiSkin$EntityUiStyle.Load          > Could not find icon: Build_WoodSign_Up, script = Pintar letrero - Flecha arriba
WARN : General      f:0 st:34,865,503 at XuiSkin$EntityUiStyle.Load          > Could not find icon: Build_WoodSign_Right, script = Pintar letrero - Flecha derecha
WARN : General      f:0 st:34,865,503 at XuiSkin$EntityUiStyle.Load          > Could not find icon: Item_SheetMetal, script = Hydraulic Press
WARN : General      f:0 st:34,865,504 at XuiSkin$EntityUiStyle.Load          > Could not find icon: Build_FenceMetal, script = Valla Metálica (Artesano)
WARN : General      f:0 st:34,865,504 at XuiSkin$EntityUiStyle.Load          > Could not find icon: Build_FenceLogs, script = Valla de Troncos
WARN : General      f:0 st:34,865,504 at XuiSkin$EntityUiStyle.Load          > Could not find icon: Build_FenceMetal, script = Valla Metálica (Básica)
WARN : General      f:0 st:34,865,505 at XuiSkin$EntityUiStyle.Load          > Could not find icon: Item_Orange, script = Juice Maker
WARN : General      f:0 st:34,865,505 at XuiSkin$EntityUiStyle.Load          > Could not find icon: Build_Campfire, script = Hoguera
WARN : General      f:0 st:34,865,505 at XuiSkin$EntityUiStyle.LoadComponentInfo> Could not find icon: Build_Campfire
WARN : General      f:0 st:34,865,506 at XuiSkin$EntityUiStyle.Load          > Could not find icon: Build_StairsMetal, script = Escaleras Metálicas
WARN : General      f:0 st:34,865,506 at XuiSkin$EntityUiStyle.Load          > Could not find icon: Build_TroughWoodShort, script = Comedero Corto de Madera
WARN : General      f:0 st:34,865,506 at XuiSkin$EntityUiStyle.Load          > Could not find icon: Item_Anvil_Forged, script = Advanced Makeshift Electric Blower Forge
WARN : General      f:0 st:34,865,506 at XuiSkin$EntityUiStyle.LoadComponentInfo> Could not find icon: Item_Anvil_Forged
WARN : General      f:0 st:34,865,507 at XuiSkin$EntityUiStyle.Load          > Could not find icon: Build_WallStone, script = Muro de Piedra
WARN : General      f:0 st:34,865,507 at XuiSkin$EntityUiStyle.Load          > Could not find icon: Build_Stake_SkullDoe, script = Poste con Cráneo de Cierva
WARN : General      f:0 st:34,865,507 at XuiSkin$EntityUiStyle.Load          > Could not find icon: Build_WindowBlack, script = Mostrador de Madera
WARN : General      f:0 st:34,865,507 at XuiSkin$EntityUiStyle.Load          > Could not find icon: Item_Clamp_Forged, script = Standing Drill Press
WARN : General      f:0 st:34,865,508 at XuiSkin$EntityUiStyle.LoadComponentInfo> Could not find icon: Item_Clamp_Forged
WARN : General      f:0 st:34,865,508 at XuiSkin$EntityUiStyle.Load          > Could not find icon: Build_KilnSmall, script = Horno de Alfarería Primitivo
WARN : General      f:0 st:34,865,508 at XuiSkin$EntityUiStyle.Load          > Could not find icon: Build_ShelvesMetal, script = Estanterías Metálicas (Básico)
WARN : General      f:0 st:34,865,509 at XuiSkin$EntityUiStyle.Load          > Could not find icon: Build_ShelvesMetal, script = Estanterías Metálicas (Artesano)
WARN : General      f:0 st:34,865,509 at XuiSkin$EntityUiStyle.Load          > Could not find icon: Build_DomeKiln, script = Horno en cúpula
WARN : General      f:0 st:34,865,509 at XuiSkin$EntityUiStyle.Load          > Could not find icon: Build_Loom, script = Loom
WARN : General      f:0 st:34,865,509 at XuiSkin$EntityUiStyle.Load          > Could not find icon: Build_BarricadeWindow_Sheet, script = Barricada con chapa metálica
WARN : General      f:0 st:34,865,510 at XuiSkin$EntityUiStyle.Load          > Could not find icon: Build_DoubleWoodGate, script = Portón Doble Alto de Madera
WARN : General      f:0 st:34,865,510 at XuiSkin$EntityUiStyle.Load          > Could not find icon: Build_StoneMill, script = Molino de Piedra
WARN : General      f:0 st:34,865,511 at XuiSkin$EntityUiStyle.LoadComponentInfo> Could not find icon: Build_StoneMill
WARN : General      f:0 st:34,865,511 at XuiSkin$EntityUiStyle.Load          > Could not find icon: Build_WallMetal, script = Muro Metálico (Artesano)
WARN : General      f:0 st:34,865,511 at XuiSkin$EntityUiStyle.Load          > Could not find icon: Item_ClayMold_Shingle, script = Well
WARN : General      f:0 st:34,865,511 at XuiSkin$EntityUiStyle.Load          > Could not find icon: Item_Boulder, script = Roca
WARN : General      f:0 st:34,865,512 at XuiSkin$EntityUiStyle.LoadComponentInfo> Could not find icon: Item_Boulder
WARN : General      f:0 st:34,865,512 at XuiSkin$EntityUiStyle.Load          > Could not find icon: Build_WindowframeWood, script = Marco de Ventana de Madera (Avanzado)
WARN : General      f:0 st:34,865,512 at XuiSkin$EntityUiStyle.Load          > Could not find icon: Build_WindowframeWood, script = Marco de Ventana de Madera (Artesano)
WARN : General      f:0 st:34,865,513 at XuiSkin$EntityUiStyle.Load          > Could not find icon: Build_StickBookcase, script = Estantería de Madera Rústica
WARN : General      f:0 st:34,865,513 at XuiSkin$EntityUiStyle.Load          > Could not find icon: Build_CabinetMetal, script = Gran Armario Metálico (Básico)
WARN : General      f:0 st:34,865,513 at XuiSkin$EntityUiStyle.Load          > Could not find icon: Build_ChoppingBlock, script = Tajo de Madera
WARN : General      f:0 st:34,865,514 at XuiSkin$EntityUiStyle.LoadComponentInfo> Could not find icon: Build_ChoppingBlock
WARN : General      f:0 st:34,865,514 at XuiSkin$EntityUiStyle.Load          > Could not find icon: Build_WallMetal, script = Muro Metálico (Básico)
WARN : General      f:0 st:34,865,514 at XuiSkin$EntityUiStyle.Load          > Could not find icon: Item_Logs, script = Sawmill
WARN : General      f:0 st:34,865,514 at XuiSkin$EntityUiStyle.Load          > Could not find icon: Build_WindowframeWood, script = Marco de Ventana de Madera (Básico)
WARN : General      f:0 st:34,865,515 at XuiSkin$EntityUiStyle.Load          > Could not find icon: Build_CabinetMetal, script = Gran Armario Metálico (Artesano)
WARN : General      f:0 st:34,865,515 at XuiSkin$EntityUiStyle.Load          > Could not find icon: Build_WindowframeBrick, script = Marco de Ventana de Ladrillo (Artesano)
WARN : General      f:0 st:34,865,515 at XuiSkin$EntityUiStyle.Load          > Could not find icon: Build_WindowframeBrick, script = Marco de Ventana de Ladrillo (Básico)
WARN : General      f:0 st:34,865,515 at XuiSkin$EntityUiStyle.Load          > Could not find icon: Build_CookingPitSimple, script = Hoguera Simple (Piedras)
WARN : General      f:0 st:34,865,516 at XuiSkin$EntityUiStyle.Load          > Could not find icon: Build_FenceWire, script = Valla de Alambre de Espino
WARN : General      f:0 st:34,865,516 at XuiSkin$EntityUiStyle.Load          > Could not find icon: Build_CrateMetal, script = Caja Metálica (Artesano)
WARN : General      f:0 st:34,865,516 at XuiSkin$EntityUiStyle.Load          > Could not find icon: Build_CrateMetal, script = Caja Metálica (Básica)
WARN : General      f:0 st:34,865,516 at XuiSkin$EntityUiStyle.Load          > Could not find icon: Build_AnvilStone, script = Yunque de Piedra
WARN : General      f:0 st:34,865,517 at XuiSkin$EntityUiStyle.LoadComponentInfo> Could not find icon: Build_AnvilStone
WARN : General      f:0 st:34,865,517 at XuiSkin$EntityUiStyle.Load          > Could not find icon: Item_WaterTank, script = Water Dispenser
WARN : General      f:0 st:34,865,517 at XuiSkin$EntityUiStyle.Load          > Could not find icon: Build_DoorframeMetal, script = Marco de Puerta Metálico (Básico)
WARN : General      f:0 st:34,865,517 at XuiSkin$EntityUiStyle.Load          > Could not find icon: Build_LeanToShelterLeather, script = Refugio de Cuero
WARN : General      f:0 st:34,865,518 at XuiSkin$EntityUiStyle.Load          > Could not find icon: Build_DoorframeMetal, script = Marco de Puerta Metálico (Artesano)
WARN : General      f:0 st:34,865,518 at XuiSkin$EntityUiStyle.Load          > Could not find icon: Build_TableLargeWood, script = Mesa de Madera (Avanzado)
WARN : General      f:0 st:34,865,518 at XuiSkin$EntityUiStyle.LoadComponentInfo> Could not find icon: Build_TableLargeWood
WARN : General      f:0 st:34,865,519 at XuiSkin$EntityUiStyle.Load          > Could not find icon: Build_LogSeat2, script = Taburete Rústico de Madera
WARN : General      f:0 st:34,865,519 at XuiSkin$EntityUiStyle.Load          > Could not find icon: Build_TableLargeWood, script = Mesa de Madera (Básico)
WARN : General      f:0 st:34,865,519 at XuiSkin$EntityUiStyle.LoadComponentInfo> Could not find icon: Build_TableLargeWood
WARN : General      f:0 st:34,865,519 at XuiSkin$EntityUiStyle.Load          > Could not find icon: Build_TableLargeWood, script = Mesa de Madera (Artesano)
WARN : General      f:0 st:34,865,520 at XuiSkin$EntityUiStyle.LoadComponentInfo> Could not find icon: Build_TableLargeWood
WARN : General      f:0 st:34,865,520 at XuiSkin$EntityUiStyle.Load          > Could not find icon: Build_HerbDryerSmall, script = Secadero simple para plantas pequeñas
WARN : General      f:0 st:34,865,520 at XuiSkin$EntityUiStyle.Load          > Could not find icon: Build_DoorframeBrick, script = Marco de Puerta de Ladrillo (Básico)
WARN : General      f:0 st:34,865,520 at XuiSkin$EntityUiStyle.Load          > Could not find icon: Build_DoorframeBrick, script = Marco de Puerta de Ladrillo (Artesano)
WARN : General      f:0 st:34,865,521 at XuiSkin$EntityUiStyle.Load          > Could not find icon: Item_Key_Blank, script = Key Duplicator
WARN : General      f:0 st:34,865,521 at XuiSkin$EntityUiStyle.Load          > Could not find icon: Build_MetalCounter, script = Mostrador Metálico (Básico)
WARN : General      f:0 st:34,865,521 at XuiSkin$EntityUiStyle.Load          > Could not find icon: Build_MetalCounter, script = Mostrador Metálico (Artesano)
WARN : General      f:0 st:34,865,521 at XuiSkin$EntityUiStyle.Load          > Could not find icon: Build_WallLogs, script = Muro de Troncos
WARN : General      f:0 st:34,865,522 at XuiSkin$EntityUiStyle.Load          > Could not find icon: Item_Anvil_Forged, script = Electric Blower Forge
WARN : General      f:0 st:34,865,522 at XuiSkin$EntityUiStyle.LoadComponentInfo> Could not find icon: Item_Anvil_Forged
WARN : General      f:0 st:34,865,522 at XuiSkin$EntityUiStyle.Load          > Could not find icon: Build_DryingFrameSmall, script = Estante Pequeño para Secar Cuero
WARN : General      f:0 st:34,865,522 at XuiSkin$EntityUiStyle.Load          > Could not find icon: Build_WindowframeStone, script = Marco de Ventana de Piedra
WARN : General      f:0 st:34,865,523 at XuiSkin$EntityUiStyle.Load          > Could not find icon: Build_FurnaceAdvanced, script = Horno de Fundición Avanzado
WARN : General      f:0 st:34,865,523 at XuiSkin$EntityUiStyle.Load          > Could not find icon: Build_DryingFrameSmall, script = Estante Mediano para Secar Cuero
WARN : General      f:0 st:34,865,523 at XuiSkin$EntityUiStyle.Load          > Could not find icon: Item_Rock, script = Grinding Slab
WARN : General      f:0 st:34,865,523 at XuiSkin$EntityUiStyle.LoadComponentInfo> Could not find icon: Item_Rock
WARN : General      f:0 st:34,865,524 at XuiSkin$EntityUiStyle.Load          > Could not find icon: Build_BarrelOven, script = Horno de Barril Metálico
WARN : General      f:0 st:34,865,524 at XuiSkin$EntityUiStyle.Load          > Could not find icon: Build_CharcoalDrum, script = Barril para Quemar Carbón
WARN : General      f:0 st:34,865,524 at XuiSkin$EntityUiStyle.Load          > Could not find icon: Build_StairsWood, script = Escaleras de Madera
WARN : General      f:0 st:34,865,525 at XuiSkin$EntityUiStyle.Load          > Could not find icon: Item_Ingot_Steel, script = Arc Furnace
WARN : General      f:0 st:34,865,525 at XuiSkin$EntityUiStyle.LoadComponentInfo> Could not find icon: Item_Ingot_Steel
WARN : General      f:0 st:34,865,525 at XuiSkin$EntityUiStyle.Load          > Could not find icon: Build_TroughMetal, script = Comedero Largo Metálico
WARN : General      f:0 st:34,865,525 at XuiSkin$EntityUiStyle.Load          > Could not find icon: Build_KilnLarge, script = Horno de Alfarería Avanzado
WARN : General      f:0 st:34,865,526 at XuiSkin$EntityUiStyle.Load          > Could not find icon: Build_ShelfWood, script = Estantería de Madera (Básico)
WARN : General      f:0 st:34,865,526 at XuiSkin$EntityUiStyle.Load          > Could not find icon: Build_RainCollectorCrate2, script = Caja Recolectora de Lluvia (Bolsas de Basura)
WARN : General      f:0 st:34,865,526 at XuiSkin$EntityUiStyle.Load          > Could not find icon: Build_HerbDryerLarge, script = Secadero simple para plantas grandes
WARN : General      f:0 st:34,865,527 at XuiSkin$EntityUiStyle.Load          > Could not find icon: Build_WoodPicket, script = Marcador de Madera
WARN : General      f:0 st:34,865,527 at XuiSkin$EntityUiStyle.Load          > Could not find icon: Build_ShelfWood, script = Estantería de Madera (Artesano)
WARN : General      f:0 st:34,865,528 at XuiSkin$EntityUiStyle.Load          > Could not find icon: Build_FloorSand, script = Suelo de Arena
WARN : General      f:0 st:34,865,528 at XuiSkin$EntityUiStyle.Load          > Could not find icon: Build_Sidetable, script = Wood Table with Drawer
WARN : General      f:0 st:34,865,528 at XuiSkin$EntityUiStyle.Load          > Could not find icon: Build_TanningBarrel, script = Barril de Tanino
WARN : General      f:0 st:34,865,529 at XuiSkin$EntityUiStyle.Load          > Could not find icon: Build_Sidetable, script = Mesa de Madera con Cajón (Artesano)
WARN : General      f:0 st:34,865,529 at XuiSkin$EntityUiStyle.Load          > Could not find icon: Build_Sidetable, script = Mesa de Madera con Cajón (Básico)
WARN : General      f:0 st:34,865,529 at XuiSkin$EntityUiStyle.Load          > Could not find icon: Build_Bed, script = Cama de Madera
WARN : General      f:0 st:34,865,530 at XuiSkin$EntityUiStyle.Load          > Could not find icon: Build_SmeltingFurnace, script = Forja Simple
WARN : General      f:0 st:34,865,530 at XuiSkin$EntityUiStyle.Load          > Could not find icon: Build_LogBench, script = Banco de Troncos
WARN : General      f:0 st:34,865,530 at XuiSkin$EntityUiStyle.Load          > Could not find icon: Build_StickBookcaseSmall, script = Estante pequeño de madera rústica
WARN : General      f:0 st:34,865,530 at XuiSkin$EntityUiStyle.Load          > Could not find icon: Item_WaterDrop, script = Water Pump
WARN : General      f:0 st:34,865,530 at XuiSkin$EntityUiStyle.Load          > Could not find icon: Build_Grindstone, script = Piedra de Afilar
WARN : General      f:0 st:34,865,531 at XuiSkin$EntityUiStyle.Load          > Could not find icon: Item_Hacksaw, script = Sierra de banda metálica
WARN : General      f:0 st:34,865,531 at XuiSkin$EntityUiStyle.Load          > Could not find icon: Build_BookcaseShort, script = Pequeño Librero de Madera (Artesano)
WARN : General      f:0 st:34,865,531 at XuiSkin$EntityUiStyle.Load          > Could not find icon: Build_MetalworkBench, script = Metalworkbench
WARN : General      f:0 st:34,865,531 at XuiSkin$EntityUiStyle.LoadComponentInfo> Could not find icon: Build_MetalworkBench
WARN : General      f:0 st:34,865,531 at XuiSkin$EntityUiStyle.Load          > Could not find icon: Item_Handle, script = Poste de Valla de Madera
WARN : General      f:0 st:34,865,532 at XuiSkin$EntityUiStyle.LoadComponentInfo> Could not find icon: Item_Handle
WARN : General      f:0 st:34,865,532 at XuiSkin$EntityUiStyle.Load          > Could not find icon: Build_BookcaseShort, script = Pequeño Librero de Madera (Básico)
WARN : General      f:0 st:34,865,532 at XuiSkin$EntityUiStyle.Load          > Could not find icon: Build_Composter, script = Compostador (Básico)
WARN : General      f:0 st:34,865,533 at XuiSkin$EntityUiStyle.Load          > Could not find icon: Build_FenceStakes, script = Valla de Madera Rústica
WARN : General      f:0 st:34,865,533 at XuiSkin$EntityUiStyle.Load          > Could not find icon: Build_DoorframeLogs, script = Marco de Puerta de Troncos
WARN : General      f:0 st:34,865,533 at XuiSkin$EntityUiStyle.Load          > Could not find icon: Build_DoorFenceWood, script = Puerta de Valla de Madera
WARN : General      f:0 st:34,865,533 at XuiSkin$EntityUiStyle.Load          > Could not find icon: Build_SofteningBeam, script = Travesaño Ablandador
WARN : General      f:0 st:34,865,534 at XuiSkin$EntityUiStyle.Load          > Could not find icon: Build_ShortWireFence, script = Cerca de alambrado pequeña
WARN : General      f:0 st:34,865,534 at XuiSkin$EntityUiStyle.Load          > Could not find icon: Build_Stake_SkullStag, script = Poste con Cráneo de Ciervo
WARN : General      f:0 st:34,865,534 at XuiSkin$EntityUiStyle.Load          > Could not find icon: Item_Charcoal, script = Pit of Coals
WARN : General      f:0 st:34,865,534 at XuiSkin$EntityUiStyle.Load          > Could not find icon: Build_HerbDryerSmall, script = Estante Pequeño para Secar Plantas
WARN : General      f:0 st:34,865,535 at XuiSkin$EntityUiStyle.Load          > Could not find icon: Item_BlowTorch, script = Metalwork Lathe
WARN : General      f:0 st:34,865,535 at XuiSkin$EntityUiStyle.LoadComponentInfo> Could not find icon: Item_BlowTorch
WARN : General      f:0 st:34,865,535 at XuiSkin$EntityUiStyle.Load          > Could not find icon: Build_LogTable2, script = Mesa Rústica de Madera
WARN : General      f:0 st:34,865,536 at XuiSkin$EntityUiStyle.Load          > Could not find icon: Build_Coffin, script = Ataúd de Madera
WARN : General      f:0 st:34,865,536 at XuiSkin$EntityUiStyle.Load          > Could not find icon: Build_Stake_Antlers, script = Poste con Cornamenta
WARN : General      f:0 st:34,865,536 at XuiSkin$EntityUiStyle.Load          > Could not find icon: Build_Stake_SkullSheep, script = Poste con Cráneo de Oveja
WARN : General      f:0 st:34,865,536 at XuiSkin$EntityUiStyle.Load          > Could not find icon: Item_WaterDrop, script = Steam Turbine
WARN : General      f:0 st:34,865,537 at XuiSkin$EntityUiStyle.Load          > Could not find icon: Build_Coop2, script = Gallinero (Madera Oscura)
WARN : General      f:0 st:34,865,537 at XuiSkin$EntityUiStyle.Load          > Could not find icon: Build_FenceOpenLogs, script = Portón Ancho de Troncos
WARN : General      f:0 st:34,865,537 at XuiSkin$EntityUiStyle.Load          > Could not find icon: Build_PoleGate, script = Puerta de cerca de Metal
WARN : General      f:0 st:34,865,537 at XuiSkin$EntityUiStyle.Load          > Could not find icon: Build_StairsLogs, script = Escaleras de Troncos
WARN : General      f:0 st:34,865,538 at XuiSkin$EntityUiStyle.Load          > Could not find icon: Item_Toast, script = Toaster
WARN : General      f:0 st:34,865,538 at XuiSkin$EntityUiStyle.Load          > Could not find icon: Build_FloorTilePorcelain, script = Suelo de Baldosas
WARN : General      f:0 st:34,865,538 at XuiSkin$EntityUiStyle.Load          > Could not find icon: Build_CrossSimple, script = Cruz Rústica de Madera
WARN : General      f:0 st:34,865,538 at XuiSkin$EntityUiStyle.Load          > Could not find icon: Item_Charcoal, script = Large Pit of Coals
WARN : General      f:0 st:34,865,539 at XuiSkin$EntityUiStyle.Load          > Could not find icon: Build_ButcherHook, script = Gancho de Carnicero
WARN : General      f:0 st:34,865,539 at XuiSkin$EntityUiStyle.Load          > Could not find icon: Build_SpinningWheel, script = Rueda de Hilar
WARN : General      f:0 st:34,865,539 at XuiSkin$EntityUiStyle.Load          > Could not find icon: Build_Coop, script = Gallinero (Madera Clara)
WARN : General      f:0 st:34,865,539 at XuiSkin$EntityUiStyle.Load          > Could not find icon: Build_Bookcase, script = Librero de Madera (Básico)
WARN : General      f:0 st:34,865,540 at XuiSkin$EntityUiStyle.LoadComponentInfo> Could not find icon: Build_Bookcase
WARN : General      f:0 st:34,865,540 at XuiSkin$EntityUiStyle.Load          > Could not find icon: Item_Petrol, script = Generador
WARN : General      f:0 st:34,865,540 at XuiSkin$EntityUiStyle.Load          > Could not find icon: Build_Bookcase, script = Librero de Madera (Artesano)
WARN : General      f:0 st:34,865,541 at XuiSkin$EntityUiStyle.Load          > Could not find icon: Build_BarricadeWindow_Bars, script = Barricada con barra metálica
WARN : General      f:0 st:34,865,541 at XuiSkin$EntityUiStyle.Load          > Could not find icon: Build_Stake_SkullBull, script = Poste con Cráneo de Toro
WARN : General      f:0 st:34,865,541 at XuiSkin$EntityUiStyle.Load          > Could not find icon: Build_Wall_Plaster, script = Enyesar pared
WARN : General      f:0 st:34,865,541 at XuiSkin$EntityUiStyle.Load          > Could not find icon: Build_CookingPit, script = Foso de Fuego (Bloques de Piedra)
WARN : General      f:0 st:34,865,542 at XuiSkin$EntityUiStyle.Load          > Could not find icon: Build_LoomSimple, script = Telar Simple
WARN : General      f:0 st:34,865,542 at XuiSkin$EntityUiStyle.Load          > Could not find icon: Build_WoodSign_Skull, script = Pintar letrero - Calavera
WARN : General      f:0 st:34,865,543 at XuiSkin$EntityUiStyle.Load          > Could not find icon: Build_WindowframeMetal, script = Marco de Ventana Metálico (Básico)
WARN : General      f:0 st:34,865,543 at XuiSkin$EntityUiStyle.Load          > Could not find icon: Build_WindowframeMetal, script = Marco de Ventana Metálico (Artesano)
WARN : General      f:0 st:34,865,543 at XuiSkin$EntityUiStyle.Load          > Could not find icon: Build_DoubleWireGate, script = Portón Alto Doble de Valla de Alambre
WARN : General      f:0 st:34,865,543 at XuiSkin$EntityUiStyle.Load          > Could not find icon: Build_RainCollectorBarrel, script = Barril Recolector de Lluvia (Lona)
WARN : General      f:0 st:34,865,543 at XuiSkin$EntityUiStyle.Load          > Could not find icon: Build_FenceBrick, script = Muro Bajo de Ladrillo
WARN : General      f:0 st:34,865,544 at XuiSkin$EntityUiStyle.Load          > Could not find icon: Build_LogSeat, script = Short Log Bench
WARN : General      f:0 st:34,865,544 at XuiSkin$EntityUiStyle.LoadComponentInfo> Could not find icon: Build_LogSeat
WARN : General      f:0 st:34,865,544 at XuiSkin$EntityUiStyle.Load          > Could not find icon: Build_FenceMetalPosts, script = Valla de Poste Metálico
WARN : General      f:0 st:34,865,544 at XuiSkin$EntityUiStyle.Load          > Could not find icon: Build_DoorWood, script = Puerta de Madera (Avanzado)
WARN : General      f:0 st:34,865,544 at XuiSkin$EntityUiStyle.Load          > Could not find icon: Build_WallframeMetal, script = Marco de Muro Metálico
WARN : General      f:0 st:34,865,545 at XuiSkin$EntityUiStyle.Load          > Could not find icon: Build_DoorWood, script = Puerta de Madera (Básico)
WARN : General      f:0 st:34,865,545 at XuiSkin$EntityUiStyle.Load          > Could not find icon: Build_WallframeWood, script = Marco de Muro de Madera
WARN : General      f:0 st:34,865,545 at XuiSkin$EntityUiStyle.Load          > Could not find icon: Item_Anvil_Stone, script = Forja Primitiva
WARN : General      f:0 st:34,865,545 at XuiSkin$EntityUiStyle.Load          > Could not find icon: Build_DoorMetal, script = Metal Door (Poor)
WARN : General      f:0 st:34,865,545 at XuiSkin$EntityUiStyle.Load          > Could not find icon: Build_DoorWeldedMetal, script = Metal Door (Shoddy)
WARN : General      f:0 st:34,865,546 at XuiSkin$EntityUiStyle.Load          > Could not find icon: Build_DoorWood, script = Puerta de Madera (Artesano)
WARN : General      f:0 st:34,865,546 at XuiSkin$EntityUiStyle.Load          > Could not find icon: Build_Cross, script = Cruz de Madera
WARN : General      f:0 st:34,865,546 at XuiSkin$EntityUiStyle.Load          > Could not find icon: Build_ShelvesWood, script = Estantes Dobles de Madera
WARN : General      f:0 st:34,865,546 at XuiSkin$EntityUiStyle.Load          > Could not find icon: Item_MugFulll, script = Coffee Machine
WARN : General      f:0 st:34,865,546 at XuiSkin$EntityUiStyle.Load          > Could not find icon: Item_RailroadRail_Short, script = Makeshift Electric Blower Forge
WARN : General      f:0 st:34,865,547 at XuiSkin$EntityUiStyle.LoadComponentInfo> Could not find icon: Item_RailroadRail_Short
WARN : General      f:0 st:34,865,547 at XuiSkin$EntityUiStyle.Load          > Could not find icon: Build_LeanToShelterTarp, script = Refugio de Lona
WARN : General      f:0 st:34,865,547 at XuiSkin$EntityUiStyle.Load          > Could not find icon: Build_HerbDryerLarge, script = Estante Grande para Secar Plantas
WARN : General      f:0 st:34,865,547 at XuiSkin$EntityUiStyle.Load          > Could not find icon: Build_StoneQuern, script = Molino Manual de Piedra
WARN : General      f:0 st:34,865,548 at XuiSkin$EntityUiStyle.LoadComponentInfo> Could not find icon: Build_StoneQuern
WARN : General      f:0 st:34,865,548 at XuiSkin$EntityUiStyle.Load          > Could not find icon: Build_WoodSign, script = Cartel de Madera
WARN : General      f:0 st:34,865,548 at XuiSkin$EntityUiStyle.Load          > Could not find icon: Build_WoodPole_Tall, script = Poste de Madera
WARN : General      f:0 st:34,865,548 at XuiSkin$EntityUiStyle.Load          > Could not find icon: Build_WoodSign_Down, script = Pintar letrero - Flecha abajo
WARN : General      f:0 st:34,865,549 at XuiSkin$EntityUiStyle.Load          > Could not find icon: Item_Dice, script = Test Entity
WARN : General      f:0 st:34,865,549 at XuiSkin$EntityUiStyle.LoadComponentInfo> Could not find icon: Item_Note2
WARN : General      f:0 st:34,865,549 at XuiSkin$EntityUiStyle.Load          > Could not find icon: Build_SandbagWall, script = Muro de Sacos de Arena
WARN : General      f:0 st:34,865,549 at XuiSkin$EntityUiStyle.Load          > Could not find icon: Build_SmeltingFurnace, script = Horno de Fundición Simple
WARN : General      f:0 st:34,865,549 at XuiSkin$EntityUiStyle.Load          > Could not find icon: Build_BarricadeWindow_Plank, script = Barricada con tablones
WARN : General      f:0 st:34,865,549 at XuiSkin$EntityUiStyle.Load          > Could not find icon: Item_Logs, script = Tree Stump
WARN : General      f:0 st:34,865,550 at XuiSkin$EntityUiStyle.LoadComponentInfo> Could not find icon: Item_Logs
WARN : General      f:0 st:34,865,550 at XuiSkin$EntityUiStyle.Load          > Could not find icon: Build_CrateWood, script = Caja de Madera (Artesano)
WARN : General      f:0 st:34,865,550 at XuiSkin$EntityUiStyle.Load          > Could not find icon: Build_TallWireGate, script = Portón de Valla de Alambre
WARN : General      f:0 st:34,865,550 at XuiSkin$EntityUiStyle.Load          > Could not find icon: Build_CrateWood, script = Caja de Madera (Básico)
WARN : General      f:0 st:34,865,551 at XuiSkin$EntityUiStyle.Load          > Could not find icon: Build_DoubleWireFence, script = Valla Alta de Alambre
WARN : General      f:0 st:34,865,551 at XuiSkin$EntityUiStyle.Load          > Could not find icon: Build_Composter, script = Compostador (Artesano)
WARN : General      f:0 st:34,865,551 at XuiSkin$EntityUiStyle.Load          > Could not find icon: Build_Amphora, script = Ánfora
WARN : General      f:0 st:34,865,551 at XuiSkin$EntityUiStyle.Load          > Could not find icon: Build_Coalpit, script = Montón para Quemar Carbón
WARN : General      f:0 st:34,865,552 at XuiSkin$EntityUiStyle.Load          > Could not find icon: Build_FloorTileWood, script = Suelo de Madera (Artesano)
WARN : General      f:0 st:34,865,552 at XuiSkin$EntityUiStyle.Load          > Could not find icon: Build_FloorTileWood, script = Suelo de Madera (Avanzado)
WARN : General      f:0 st:34,865,552 at XuiSkin$EntityUiStyle.Load          > Could not find icon: Build_FloorTileWood, script = Suelo de Madera (Básico)
WARN : General      f:0 st:34,865,552 at XuiSkin$EntityUiStyle.Load          > Could not find icon: Item_CarBatteryCharger, script = CeroSec - FS-800
WARN : General      f:0 st:34,865,552 at XuiSkin$EntityUiStyle.Load          > Could not find icon: Build_Wall_Wallpaper, script = Aplicar papel tapiz
WARN : General      f:0 st:34,865,552 at XuiSkin$EntityUiStyle.Load          > Could not find icon: Build_Chair, script = Silla de Madera (Básico)
WARN : General      f:0 st:34,865,553 at XuiSkin$EntityUiStyle.Load          > Could not find icon: Build_FlashlightLamp, script = Pilar de Linterna de Madera
WARN : General      f:0 st:34,865,553 at XuiSkin$EntityUiStyle.Load          > Could not find icon: Build_Chair, script = Silla de Madera (Avanzado)
WARN : General      f:0 st:34,865,553 at XuiSkin$EntityUiStyle.Load          > Could not find icon: Build_FenceHighMetalPosts, script = Valla Alta de Poste Metálico
WARN : General      f:0 st:34,865,553 at XuiSkin$EntityUiStyle.Load          > Could not find icon: Build_Chair, script = Silla de Madera (Artesano)
WARN : General      f:0 st:34,865,553 at XuiSkin$EntityUiStyle.Load          > Could not find icon: Build_LogStool, script = Taburete de Troncos
WARN : General      f:0 st:34,865,554 at XuiSkin$EntityUiStyle.Load          > Could not find icon: Build_TableSmallWood, script = Mesa Pequeña de Madera (Artesano)
WARN : General      f:0 st:34,865,554 at XuiSkin$EntityUiStyle.LoadComponentInfo> Could not find icon: Build_TableSmallWood
WARN : General      f:0 st:34,865,554 at XuiSkin$EntityUiStyle.Load          > Could not find icon: Build_TableSmallWood, script = Mesa Pequeña de Madera (Avanzado)
WARN : General      f:0 st:34,865,554 at XuiSkin$EntityUiStyle.LoadComponentInfo> Could not find icon: Build_TableSmallWood
WARN : General      f:0 st:34,865,555 at XuiSkin$EntityUiStyle.Load          > Could not find icon: Build_TableSmallWood, script = Mesa Pequeña de Madera (Básico)
WARN : General      f:0 st:34,865,555 at XuiSkin$EntityUiStyle.LoadComponentInfo> Could not find icon: Build_TableSmallWood
WARN : General      f:0 st:34,865,555 at XuiSkin$EntityUiStyle.Load          > Could not find icon: Item_CarBatteryCharger, script = Test Kiln
WARN : General      f:0 st:34,865,555 at XuiSkin$EntityUiStyle.LoadComponentInfo> Could not find icon: Item_Note2
WARN : General      f:0 st:34,865,555 at XuiSkin$EntityUiStyle.Load          > Could not find icon: Build_ShortWireGate, script = Portón de Alambre Metálico
WARN : General      f:0 st:34,865,556 at XuiSkin$EntityUiStyle.Load          > Could not find icon: Build_LogSeat, script = Asiento de Troncos
WARN : General      f:0 st:34,865,556 at XuiSkin$EntityUiStyle.Load          > Could not find icon: Item_PropaneTank, script = Steam Boiler
WARN : General      f:0 st:34,865,556 at XuiSkin$EntityUiStyle.Load          > Could not find icon: Build_TroughWoodLong, script = Comedero Largo de Madera
WARN : General      f:0 st:34,865,556 at XuiSkin$EntityUiStyle.Load          > Could not find icon: Build_MetalworkTable, script = Metalwork Table
WARN : General      f:0 st:34,865,556 at XuiSkin$EntityUiStyle.LoadComponentInfo> Could not find icon: Build_MetalworkTable
WARN : General      f:0 st:34,865,558 at XuiSkin$EntityUiStyle.Load          > Could not find icon: Item_Dice, script = Entity_DisplayName_Default
WARN : General      f:0 st:34,865,558 at XuiSkin$EntityUiStyle.LoadComponentInfo> Could not find icon: Item_Dice
WARN : General      f:0 st:34,865,558 at XuiSkin$EntityUiStyle.LoadComponentInfo> Could not find icon: Item_Dice
WARN : General      f:0 st:34,865,559 at XuiSkin$EntityUiStyle.LoadComponentInfo> Could not find icon: Item_Dice
WARN : General      f:0 st:34,865,559 at XuiSkin$EntityUiStyle.LoadComponentInfo> Could not find icon: Item_Dice
WARN : General      f:0 st:34,865,560 at XuiSkin$EntityUiStyle.Load          > Could not find icon: Build_FloorDirt, script = Suelo de Tierra
WARN : General      f:0 st:34,865,560 at XuiSkin$EntityUiStyle.Load          > Could not find icon: Build_DoorframeStone, script = Marco de Puerta de Piedra
WARN : General      f:0 st:34,865,561 at XuiSkin$EntityUiStyle.Load          > Could not find icon: Build_PotteryBench, script = Banco de Cerámica
WARN : General      f:0 st:34,865,561 at XuiSkin$EntityUiStyle.LoadComponentInfo> Could not find icon: Build_PotteryBench
WARN : General      f:0 st:34,865,561 at XuiSkin$EntityUiStyle.Load          > Could not find icon: Build_Cairn, script = Montículo de Piedras
WARN : General      f:0 st:34,865,561 at XuiSkin$EntityUiStyle.Load          > Could not find icon: Build_WallWood, script = Muro de Madera (Avanzado)
WARN : General      f:0 st:34,865,562 at XuiSkin$EntityUiStyle.Load          > Could not find icon: Build_WallWood, script = Muro de Madera (Básico)
WARN : General      f:0 st:34,865,562 at XuiSkin$EntityUiStyle.Load          > Could not find icon: Build_LeanToShelterSticks, script = Refugio Inclinado
WARN : General      f:0 st:34,865,562 at XuiSkin$EntityUiStyle.Load          > Could not find icon: Build_PotteryWheel, script = Rueda de Cerámica
WARN : General      f:0 st:34,865,562 at XuiSkin$EntityUiStyle.LoadComponentInfo> Could not find icon: Build_PotteryWheel
WARN : General      f:0 st:34,865,562 at XuiSkin$EntityUiStyle.Load          > Could not find icon: Build_CabinetStone, script = Gabinete de Piedra
WARN : General      f:0 st:34,865,562 at XuiSkin$EntityUiStyle.Load          > Could not find icon: Build_WallWood, script = Muro de Madera (Artesano)
WARN : General      f:0 st:34,865,563 at XuiSkin$EntityUiStyle.Load          > Could not find icon: Build_WoodSign_Left, script = Pintar letrero - Flecha izquierda
WARN : General      f:0 st:34,865,563 at XuiSkin$EntityUiStyle.Load          > Could not find icon: Build_PrimitiveFurnace, script = Horno de Fundición Primitivo
WARN : General      f:0 st:34,865,563 at XuiSkin$EntityUiStyle.Load          > Could not find icon: Build_DoorframeWood, script = Marco de Puerta de Madera (Artesano)
WARN : General      f:0 st:34,865,563 at XuiSkin$EntityUiStyle.Load          > Could not find icon: Build_DoorframeWood, script = Marco de Puerta de Madera (Avanzado)
WARN : General      f:0 st:34,865,564 at XuiSkin$EntityUiStyle.Load          > Could not find icon: Build_DoorframeWood, script = Marco de Puerta de Madera (Básico)
WARN : General      f:0 st:34,865,564 at XuiSkin$EntityUiStyle.Load          > Could not find icon: Build_WindowframeLogs, script = Marco de Ventana de Troncos
WARN : General      f:0 st:34,865,564 at XuiSkin$EntityUiStyle.Load          > Could not find icon: Build_FloorGravel, script = Suelo de Grava
WARN : General      f:0 st:34,865,564 at XuiSkin$EntityUiStyle.Load          > Could not find icon: Item_WaterBottle, script = Bottling Machine
WARN : General      f:0 st:34,865,564 at XuiSkin$EntityUiStyle.Load          > Could not find icon: Build_WallBrick, script = Muro de Ladrillo (Básico)
WARN : General      f:0 st:34,865,565 at XuiSkin$EntityUiStyle.Load          > Could not find icon: Build_WallBrick, script = Muro de Ladrillo (Artesano)
WARN : General      f:0 st:34,865,565 at XuiSkin$EntityUiStyle.Load          > Could not find icon: Build_DryingFrameLarge, script = Estante Grande para Secar Cuero
WARN : General      f:0 st:34,865,565 at XuiSkin$EntityUiStyle.Load          > Could not find icon: Build_RippleComb, script = Peine Ondulador
WARN : General      f:0 st:34,865,565 at XuiSkin$EntityUiStyle.Load          > Could not find icon: Build_Wall_Paint, script = Pintar pared / objeto
WARN : General      f:0 st:34,865,565 at XuiSkin$EntityUiStyle.Load          > Could not find icon: Build_FenceWood, script = Valla de Madera (Artesano)
WARN : General      f:0 st:34,865,566 at XuiSkin$EntityUiStyle.Load          > Could not find icon: Build_FenceWood, script = Valla de Madera (Avanzado)
WARN : General      f:0 st:34,865,566 at XuiSkin$EntityUiStyle.Load          > Could not find icon: Build_LogTable, script = Mesa de Troncos
WARN : General      f:0 st:34,865,566 at XuiSkin$EntityUiStyle.Load          > Could not find icon: Build_FenceWood, script = Valla de Madera (Básico)
WARN : General      f:0 st:34,865,566 at XuiSkin$EntityUiStyle.Load          > Could not find icon: Build_ForgeAdvanced, script = Forja Avanzada
WARN : General      f:0 st:34,865,566 at XuiSkin$EntityUiStyle.Load          > Could not find icon: Build_GunLocker, script = Casillero Metálico Pequeño (Artesano)
WARN : General      f:0 st:34,865,567 at XuiSkin$EntityUiStyle.Load          > Could not find icon: Build_GunLocker, script = Casillero Metálico Pequeño (Básico)
WARN : General      f:0 st:34,865,567 at XuiSkin$EntityUiStyle.Load          > Could not find icon: Build_RainCollectorCrate, script = Caja Recolectora de Lluvia (Lona)
WARN : General      f:0 st:34,865,567 at XuiSkin$EntityUiStyle.Load          > Could not find icon: Build_ButterChurn, script = Cubo para Mantequilla
WARN : General      f:0 st:34,865,568 at XuiSkin$EntityUiStyle.Load          > Could not find icon: Build_Stake_SkullCow, script = Poste con Cráneo de Vaca
WARN : General      f:0 st:34,865,568 at XuiSkin$EntityUiStyle.Load          > Could not find icon: Build_FloorTileMetal, script = Suelo Metálico
WARN : General      f:0 st:34,865,568 at XuiSkin$EntityUiStyle.Load          > Could not find icon: Build_Handpress, script = Prensa Manual
WARN : General      f:0 st:34,865,568 at XuiSkin$EntityUiStyle.LoadComponentInfo> Could not find icon: Build_Handpress
WARN : General      f:0 st:34,865,568 at XuiSkin$EntityUiStyle.Load          > Could not find icon: Build_MetalCounterCorner, script = Esquina de Mostrador Metálico (Artesano)
WARN : General      f:0 st:34,865,569 at XuiSkin$EntityUiStyle.Load          > Could not find icon: Build_MetalCounterCorner, script = Esquina de Mostrador Metálico (Básico)
WARN : General      f:0 st:34,865,569 at XuiSkin$EntityUiStyle.Load          > Could not find icon: Build_WoodCounterCorner, script = Esquina de Mostrador de Madera (Básico)
WARN : General      f:0 st:34,865,569 at XuiSkin$EntityUiStyle.Load          > Could not find icon: Build_HeckleComb, script = Peine para Fibras
WARN : General      f:0 st:34,865,569 at XuiSkin$EntityUiStyle.Load          > Could not find icon: Build_Stake_SkullPig, script = Poste con Cráneo de Cerdo
WARN : General      f:0 st:34,865,569 at XuiSkin$EntityUiStyle.Load          > Could not find icon: Build_ScutchingBoard, script = Tabla de Escochado
WARN : General      f:0 st:34,865,570 at XuiSkin$EntityUiStyle.Load          > Could not find icon: Build_FenceMetalPosts, script = Portón de Poste Metálico
WARN : General      f:0 st:34,865,570 at XuiSkin$EntityUiStyle.Load          > Could not find icon: Build_DoublePoleGate, script = Portón Alto Doble de Poste de Metal
WARN : General      f:0 st:34,865,570 at XuiSkin$EntityUiStyle.Load          > Could not find icon: Build_WoodCounter, script = Mostrador de Madera (Avanzado)
WARN : General      f:0 st:34,865,570 at XuiSkin$EntityUiStyle.Load          > Could not find icon: Build_WoodCounterCorner, script = Esquina de Mostrador de Madera (Artesano)
WARN : General      f:0 st:34,865,570 at XuiSkin$EntityUiStyle.Load          > Could not find icon: Build_WoodCounter, script = Mostrador de Madera (Básico)
WARN : General      f:0 st:34,865,571 at XuiSkin$EntityUiStyle.Load          > Could not find icon: Build_WoodCounterCorner, script = Esquina de Mostrador de Madera (Avanzado)
WARN : General      f:0 st:34,865,571 at XuiSkin$EntityUiStyle.Load          > Could not find icon: Build_WoodCounter, script = Mostrador de Madera (Artesano)
WARN : General      f:0 st:34,865,571 at XuiSkin$EntityUiStyle.Load          > Could not find icon: Build_RainCollectorBarrel2, script = Barril Recolector de Lluvia (Bolsas de Basura)
WARN : General      f:0 st:34,865,571 at XuiSkin$EntityUiStyle.Load          > Could not find icon: Build_WoodSign_Up, script = Pintar letrero - Flecha arriba
WARN : General      f:0 st:34,865,571 at XuiSkin$EntityUiStyle.Load          > Could not find icon: Build_WoodSign_Right, script = Pintar letrero - Flecha derecha
WARN : General      f:0 st:34,865,572 at XuiSkin$EntityUiStyle.Load          > Could not find icon: Item_SheetMetal, script = Hydraulic Press
WARN : General      f:0 st:34,865,572 at XuiSkin$EntityUiStyle.Load          > Could not find icon: Build_FenceMetal, script = Valla Metálica (Artesano)
WARN : General      f:0 st:34,865,572 at XuiSkin$EntityUiStyle.Load          > Could not find icon: Build_FenceLogs, script = Valla de Troncos
WARN : General      f:0 st:34,865,572 at XuiSkin$EntityUiStyle.Load          > Could not find icon: Build_FenceMetal, script = Valla Metálica (Básica)
WARN : General      f:0 st:34,865,572 at XuiSkin$EntityUiStyle.Load          > Could not find icon: Item_Orange, script = Juice Maker
WARN : General      f:0 st:34,865,573 at XuiSkin$EntityUiStyle.Load          > Could not find icon: Build_Campfire, script = Hoguera
WARN : General      f:0 st:34,865,573 at XuiSkin$EntityUiStyle.LoadComponentInfo> Could not find icon: Build_Campfire
WARN : General      f:0 st:34,865,573 at XuiSkin$EntityUiStyle.Load          > Could not find icon: Build_StairsMetal, script = Escaleras Metálicas
WARN : General      f:0 st:34,865,573 at XuiSkin$EntityUiStyle.Load          > Could not find icon: Build_TroughWoodShort, script = Comedero Corto de Madera
WARN : General      f:0 st:34,865,573 at XuiSkin$EntityUiStyle.Load          > Could not find icon: Item_Anvil_Forged, script = Advanced Makeshift Electric Blower Forge
WARN : General      f:0 st:34,865,574 at XuiSkin$EntityUiStyle.LoadComponentInfo> Could not find icon: Item_Anvil_Forged
WARN : General      f:0 st:34,865,574 at XuiSkin$EntityUiStyle.Load          > Could not find icon: Build_WallStone, script = Muro de Piedra
WARN : General      f:0 st:34,865,574 at XuiSkin$EntityUiStyle.Load          > Could not find icon: Build_Stake_SkullDoe, script = Poste con Cráneo de Cierva
WARN : General      f:0 st:34,865,574 at XuiSkin$EntityUiStyle.Load          > Could not find icon: Build_WindowBlack, script = Mostrador de Madera
WARN : General      f:0 st:34,865,574 at XuiSkin$EntityUiStyle.Load          > Could not find icon: Item_Clamp_Forged, script = Standing Drill Press
WARN : General      f:0 st:34,865,575 at XuiSkin$EntityUiStyle.LoadComponentInfo> Could not find icon: Item_Clamp_Forged
WARN : General      f:0 st:34,865,575 at XuiSkin$EntityUiStyle.Load          > Could not find icon: Build_KilnSmall, script = Horno de Alfarería Primitivo
WARN : General      f:0 st:34,865,575 at XuiSkin$EntityUiStyle.Load          > Could not find icon: Build_ShelvesMetal, script = Estanterías Metálicas (Básico)
WARN : General      f:0 st:34,865,575 at XuiSkin$EntityUiStyle.Load          > Could not find icon: Build_ShelvesMetal, script = Estanterías Metálicas (Artesano)
WARN : General      f:0 st:34,865,575 at XuiSkin$EntityUiStyle.Load          > Could not find icon: Build_DomeKiln, script = Horno en cúpula
WARN : General      f:0 st:34,865,576 at XuiSkin$EntityUiStyle.Load          > Could not find icon: Build_Loom, script = Loom
WARN : General      f:0 st:34,865,576 at XuiSkin$EntityUiStyle.Load          > Could not find icon: Build_BarricadeWindow_Sheet, script = Barricada con chapa metálica
WARN : General      f:0 st:34,865,576 at XuiSkin$EntityUiStyle.Load          > Could not find icon: Build_DoubleWoodGate, script = Portón Doble Alto de Madera
WARN : General      f:0 st:34,865,576 at XuiSkin$EntityUiStyle.Load          > Could not find icon: Build_StoneMill, script = Molino de Piedra
WARN : General      f:0 st:34,865,576 at XuiSkin$EntityUiStyle.LoadComponentInfo> Could not find icon: Build_StoneMill
WARN : General      f:0 st:34,865,577 at XuiSkin$EntityUiStyle.Load          > Could not find icon: Build_WallMetal, script = Muro Metálico (Artesano)
WARN : General      f:0 st:34,865,577 at XuiSkin$EntityUiStyle.Load          > Could not find icon: Item_ClayMold_Shingle, script = Well
WARN : General      f:0 st:34,865,577 at XuiSkin$EntityUiStyle.Load          > Could not find icon: Item_Boulder, script = Roca
WARN : General      f:0 st:34,865,577 at XuiSkin$EntityUiStyle.LoadComponentInfo> Could not find icon: Item_Boulder
WARN : General      f:0 st:34,865,578 at XuiSkin$EntityUiStyle.Load          > Could not find icon: Build_WindowframeWood, script = Marco de Ventana de Madera (Avanzado)
WARN : General      f:0 st:34,865,578 at XuiSkin$EntityUiStyle.Load          > Could not find icon: Build_WindowframeWood, script = Marco de Ventana de Madera (Artesano)
WARN : General      f:0 st:34,865,578 at XuiSkin$EntityUiStyle.Load          > Could not find icon: Build_StickBookcase, script = Estantería de Madera Rústica
WARN : General      f:0 st:34,865,578 at XuiSkin$EntityUiStyle.Load          > Could not find icon: Build_CabinetMetal, script = Gran Armario Metálico (Básico)
WARN : General      f:0 st:34,865,578 at XuiSkin$EntityUiStyle.Load          > Could not find icon: Build_ChoppingBlock, script = Tajo de Madera
WARN : General      f:0 st:34,865,579 at XuiSkin$EntityUiStyle.LoadComponentInfo> Could not find icon: Build_ChoppingBlock
WARN : General      f:0 st:34,865,579 at XuiSkin$EntityUiStyle.Load          > Could not find icon: Build_WallMetal, script = Muro Metálico (Básico)
WARN : General      f:0 st:34,865,579 at XuiSkin$EntityUiStyle.Load          > Could not find icon: Item_Logs, script = Sawmill
WARN : General      f:0 st:34,865,579 at XuiSkin$EntityUiStyle.Load          > Could not find icon: Build_WindowframeWood, script = Marco de Ventana de Madera (Básico)
WARN : General      f:0 st:34,865,579 at XuiSkin$EntityUiStyle.Load          > Could not find icon: Build_CabinetMetal, script = Gran Armario Metálico (Artesano)
WARN : General      f:0 st:34,865,580 at XuiSkin$EntityUiStyle.Load          > Could not find icon: Build_WindowframeBrick, script = Marco de Ventana de Ladrillo (Artesano)
WARN : General      f:0 st:34,865,580 at XuiSkin$EntityUiStyle.Load          > Could not find icon: Build_WindowframeBrick, script = Marco de Ventana de Ladrillo (Básico)
WARN : General      f:0 st:34,865,580 at XuiSkin$EntityUiStyle.Load          > Could not find icon: Build_CookingPitSimple, script = Hoguera Simple (Piedras)
WARN : General      f:0 st:34,865,580 at XuiSkin$EntityUiStyle.Load          > Could not find icon: Build_FenceWire, script = Valla de Alambre de Espino
WARN : General      f:0 st:34,865,580 at XuiSkin$EntityUiStyle.Load          > Could not find icon: Build_CrateMetal, script = Caja Metálica (Artesano)
WARN : General      f:0 st:34,865,581 at XuiSkin$EntityUiStyle.Load          > Could not find icon: Build_CrateMetal, script = Caja Metálica (Básica)
WARN : General      f:0 st:34,865,581 at XuiSkin$EntityUiStyle.Load          > Could not find icon: Build_AnvilStone, script = Yunque de Piedra
WARN : General      f:0 st:34,865,581 at XuiSkin$EntityUiStyle.LoadComponentInfo> Could not find icon: Build_AnvilStone
WARN : General      f:0 st:34,865,581 at XuiSkin$EntityUiStyle.Load          > Could not find icon: Item_WaterTank, script = Water Dispenser
WARN : General      f:0 st:34,865,582 at XuiSkin$EntityUiStyle.Load          > Could not find icon: Build_DoorframeMetal, script = Marco de Puerta Metálico (Básico)
WARN : General      f:0 st:34,865,582 at XuiSkin$EntityUiStyle.Load          > Could not find icon: Build_LeanToShelterLeather, script = Refugio de Cuero
WARN : General      f:0 st:34,865,582 at XuiSkin$EntityUiStyle.Load          > Could not find icon: Build_DoorframeMetal, script = Marco de Puerta Metálico (Artesano)
WARN : General      f:0 st:34,865,582 at XuiSkin$EntityUiStyle.Load          > Could not find icon: Build_TableLargeWood, script = Mesa de Madera (Avanzado)
WARN : General      f:0 st:34,865,582 at XuiSkin$EntityUiStyle.LoadComponentInfo> Could not find icon: Build_TableLargeWood
WARN : General      f:0 st:34,865,583 at XuiSkin$EntityUiStyle.Load          > Could not find icon: Build_LogSeat2, script = Taburete Rústico de Madera
WARN : General      f:0 st:34,865,583 at XuiSkin$EntityUiStyle.Load          > Could not find icon: Build_TableLargeWood, script = Mesa de Madera (Básico)
WARN : General      f:0 st:34,865,583 at XuiSkin$EntityUiStyle.LoadComponentInfo> Could not find icon: Build_TableLargeWood
WARN : General      f:0 st:34,865,583 at XuiSkin$EntityUiStyle.Load          > Could not find icon: Build_TableLargeWood, script = Mesa de Madera (Artesano)
WARN : General      f:0 st:34,865,584 at XuiSkin$EntityUiStyle.LoadComponentInfo> Could not find icon: Build_TableLargeWood
WARN : General      f:0 st:34,865,584 at XuiSkin$EntityUiStyle.Load          > Could not find icon: Build_HerbDryerSmall, script = Secadero simple para plantas pequeñas
WARN : General      f:0 st:34,865,584 at XuiSkin$EntityUiStyle.Load          > Could not find icon: Build_DoorframeBrick, script = Marco de Puerta de Ladrillo (Básico)
WARN : General      f:0 st:34,865,584 at XuiSkin$EntityUiStyle.Load          > Could not find icon: Build_DoorframeBrick, script = Marco de Puerta de Ladrillo (Artesano)
WARN : General      f:0 st:34,865,584 at XuiSkin$EntityUiStyle.Load          > Could not find icon: Item_Key_Blank, script = Key Duplicator
WARN : General      f:0 st:34,865,585 at XuiSkin$EntityUiStyle.Load          > Could not find icon: Build_MetalCounter, script = Mostrador Metálico (Básico)
WARN : General      f:0 st:34,865,585 at XuiSkin$EntityUiStyle.Load          > Could not find icon: Build_MetalCounter, script = Mostrador Metálico (Artesano)
WARN : General      f:0 st:34,865,585 at XuiSkin$EntityUiStyle.Load          > Could not find icon: Build_WallLogs, script = Muro de Troncos
WARN : General      f:0 st:34,865,585 at XuiSkin$EntityUiStyle.Load          > Could not find icon: Item_Anvil_Forged, script = Electric Blower Forge
WARN : General      f:0 st:34,865,585 at XuiSkin$EntityUiStyle.LoadComponentInfo> Could not find icon: Item_Anvil_Forged
WARN : General      f:0 st:34,865,586 at XuiSkin$EntityUiStyle.Load          > Could not find icon: Build_DryingFrameSmall, script = Estante Pequeño para Secar Cuero
WARN : General      f:0 st:34,865,586 at XuiSkin$EntityUiStyle.Load          > Could not find icon: Build_WindowframeStone, script = Marco de Ventana de Piedra
WARN : General      f:0 st:34,865,586 at XuiSkin$EntityUiStyle.Load          > Could not find icon: Build_FurnaceAdvanced, script = Horno de Fundición Avanzado
WARN : General      f:0 st:34,865,586 at XuiSkin$EntityUiStyle.Load          > Could not find icon: Build_DryingFrameSmall, script = Estante Mediano para Secar Cuero
WARN : General      f:0 st:34,865,586 at XuiSkin$EntityUiStyle.Load          > Could not find icon: Item_Rock, script = Grinding Slab
WARN : General      f:0 st:34,865,587 at XuiSkin$EntityUiStyle.LoadComponentInfo> Could not find icon: Item_Rock
WARN : General      f:0 st:34,865,587 at XuiSkin$EntityUiStyle.Load          > Could not find icon: Build_BarrelOven, script = Horno de Barril Metálico
WARN : General      f:0 st:34,865,587 at XuiSkin$EntityUiStyle.Load          > Could not find icon: Build_CharcoalDrum, script = Barril para Quemar Carbón
WARN : General      f:0 st:34,865,587 at XuiSkin$EntityUiStyle.Load          > Could not find icon: Build_StairsWood, script = Escaleras de Madera
WARN : General      f:0 st:34,865,588 at XuiSkin$EntityUiStyle.Load          > Could not find icon: Item_Ingot_Steel, script = Arc Furnace
WARN : General      f:0 st:34,865,588 at XuiSkin$EntityUiStyle.LoadComponentInfo> Could not find icon: Item_Ingot_Steel
WARN : General      f:0 st:34,865,588 at XuiSkin$EntityUiStyle.Load          > Could not find icon: Build_TroughMetal, script = Comedero Largo Metálico
WARN : General      f:0 st:34,865,588 at XuiSkin$EntityUiStyle.Load          > Could not find icon: Build_KilnLarge, script = Horno de Alfarería Avanzado
WARN : General      f:0 st:34,865,588 at XuiSkin$EntityUiStyle.Load          > Could not find icon: Build_ShelfWood, script = Estantería de Madera (Básico)
WARN : General      f:0 st:34,865,588 at XuiSkin$EntityUiStyle.Load          > Could not find icon: Build_RainCollectorCrate2, script = Caja Recolectora de Lluvia (Bolsas de Basura)
WARN : General      f:0 st:34,865,589 at XuiSkin$EntityUiStyle.Load          > Could not find icon: Build_HerbDryerLarge, script = Secadero simple para plantas grandes
WARN : General      f:0 st:34,865,589 at XuiSkin$EntityUiStyle.Load          > Could not find icon: Build_WoodPicket, script = Marcador de Madera
WARN : General      f:0 st:34,865,589 at XuiSkin$EntityUiStyle.Load          > Could not find icon: Build_ShelfWood, script = Estantería de Madera (Artesano)
WARN : General      f:0 st:34,865,589 at XuiSkin$EntityUiStyle.Load          > Could not find icon: Build_FloorSand, script = Suelo de Arena
WARN : General      f:0 st:34,865,589 at XuiSkin$EntityUiStyle.Load          > Could not find icon: Build_Sidetable, script = Wood Table with Drawer
WARN : General      f:0 st:34,865,590 at XuiSkin$EntityUiStyle.Load          > Could not find icon: Build_TanningBarrel, script = Barril de Tanino
WARN : General      f:0 st:34,865,590 at XuiSkin$EntityUiStyle.Load          > Could not find icon: Build_Sidetable, script = Mesa de Madera con Cajón (Artesano)
WARN : General      f:0 st:34,865,590 at XuiSkin$EntityUiStyle.Load          > Could not find icon: Build_Sidetable, script = Mesa de Madera con Cajón (Básico)
WARN : General      f:0 st:34,865,590 at XuiSkin$EntityUiStyle.Load          > Could not find icon: Build_Bed, script = Cama de Madera
WARN : General      f:0 st:34,865,590 at XuiSkin$EntityUiStyle.Load          > Could not find icon: Build_SmeltingFurnace, script = Forja Simple
WARN : General      f:0 st:34,865,591 at XuiSkin$EntityUiStyle.Load          > Could not find icon: Build_LogBench, script = Banco de Troncos
WARN : General      f:0 st:34,865,591 at XuiSkin$EntityUiStyle.Load          > Could not find icon: Build_StickBookcaseSmall, script = Estante pequeño de madera rústica
WARN : General      f:0 st:34,865,591 at XuiSkin$EntityUiStyle.Load          > Could not find icon: Item_WaterDrop, script = Water Pump
WARN : General      f:0 st:34,865,591 at XuiSkin$EntityUiStyle.Load          > Could not find icon: Build_Grindstone, script = Piedra de Afilar
WARN : General      f:0 st:34,865,591 at XuiSkin$EntityUiStyle.Load          > Could not find icon: Item_Hacksaw, script = Sierra de banda metálica
WARN : General      f:0 st:34,865,592 at XuiSkin$EntityUiStyle.Load          > Could not find icon: Build_BookcaseShort, script = Pequeño Librero de Madera (Artesano)
WARN : General      f:0 st:34,865,592 at XuiSkin$EntityUiStyle.Load          > Could not find icon: Build_MetalworkBench, script = Metalworkbench
WARN : General      f:0 st:34,865,592 at XuiSkin$EntityUiStyle.LoadComponentInfo> Could not find icon: Build_MetalworkBench
WARN : General      f:0 st:34,865,592 at XuiSkin$EntityUiStyle.Load          > Could not find icon: Item_Handle, script = Poste de Valla de Madera
WARN : General      f:0 st:34,865,592 at XuiSkin$EntityUiStyle.LoadComponentInfo> Could not find icon: Item_Handle
WARN : General      f:0 st:34,865,593 at XuiSkin$EntityUiStyle.Load          > Could not find icon: Build_BookcaseShort, script = Pequeño Librero de Madera (Básico)
WARN : General      f:0 st:34,865,593 at XuiSkin$EntityUiStyle.Load          > Could not find icon: Build_Composter, script = Compostador (Básico)
WARN : General      f:0 st:34,865,593 at XuiSkin$EntityUiStyle.Load          > Could not find icon: Build_FenceStakes, script = Valla de Madera Rústica
WARN : General      f:0 st:34,865,593 at XuiSkin$EntityUiStyle.Load          > Could not find icon: Build_DoorframeLogs, script = Marco de Puerta de Troncos
WARN : General      f:0 st:34,865,593 at XuiSkin$EntityUiStyle.Load          > Could not find icon: Build_DoorFenceWood, script = Puerta de Valla de Madera
WARN : General      f:0 st:34,865,594 at XuiSkin$EntityUiStyle.Load          > Could not find icon: Build_SofteningBeam, script = Travesaño Ablandador
WARN : General      f:0 st:34,865,594 at XuiSkin$EntityUiStyle.Load          > Could not find icon: Build_ShortWireFence, script = Cerca de alambrado pequeña
WARN : General      f:0 st:34,865,594 at XuiSkin$EntityUiStyle.Load          > Could not find icon: Build_Stake_SkullStag, script = Poste con Cráneo de Ciervo
WARN : General      f:0 st:34,865,594 at XuiSkin$EntityUiStyle.Load          > Could not find icon: Item_Charcoal, script = Pit of Coals
WARN : General      f:0 st:34,865,594 at XuiSkin$EntityUiStyle.Load          > Could not find icon: Build_HerbDryerSmall, script = Estante Pequeño para Secar Plantas
WARN : General      f:0 st:34,865,595 at XuiSkin$EntityUiStyle.Load          > Could not find icon: Item_BlowTorch, script = Metalwork Lathe
WARN : General      f:0 st:34,865,595 at XuiSkin$EntityUiStyle.LoadComponentInfo> Could not find icon: Item_BlowTorch
WARN : General      f:0 st:34,865,595 at XuiSkin$EntityUiStyle.Load          > Could not find icon: Build_LogTable2, script = Mesa Rústica de Madera
WARN : General      f:0 st:34,865,595 at XuiSkin$EntityUiStyle.Load          > Could not find icon: Build_Coffin, script = Ataúd de Madera
WARN : General      f:0 st:34,865,595 at XuiSkin$EntityUiStyle.Load          > Could not find icon: Build_Stake_Antlers, script = Poste con Cornamenta
WARN : General      f:0 st:34,865,595 at XuiSkin$EntityUiStyle.Load          > Could not find icon: Build_Stake_SkullSheep, script = Poste con Cráneo de Oveja
WARN : General      f:0 st:34,865,596 at XuiSkin$EntityUiStyle.Load          > Could not find icon: Item_WaterDrop, script = Steam Turbine
WARN : General      f:0 st:34,865,596 at XuiSkin$EntityUiStyle.Load          > Could not find icon: Build_Coop2, script = Gallinero (Madera Oscura)
WARN : General      f:0 st:34,865,596 at XuiSkin$EntityUiStyle.Load          > Could not find icon: Build_FenceOpenLogs, script = Portón Ancho de Troncos
WARN : General      f:0 st:34,865,596 at XuiSkin$EntityUiStyle.Load          > Could not find icon: Build_PoleGate, script = Puerta de cerca de Metal
WARN : General      f:0 st:34,865,596 at XuiSkin$EntityUiStyle.Load          > Could not find icon: Build_StairsLogs, script = Escaleras de Troncos
WARN : General      f:0 st:34,865,597 at XuiSkin$EntityUiStyle.Load          > Could not find icon: Item_Toast, script = Toaster
WARN : General      f:0 st:34,865,597 at XuiSkin$EntityUiStyle.Load          > Could not find icon: Build_FloorTilePorcelain, script = Suelo de Baldosas
WARN : General      f:0 st:34,865,597 at XuiSkin$EntityUiStyle.Load          > Could not find icon: Build_CrossSimple, script = Cruz Rústica de Madera
WARN : General      f:0 st:34,865,597 at XuiSkin$EntityUiStyle.Load          > Could not find icon: Item_Charcoal, script = Large Pit of Coals
WARN : General      f:0 st:34,865,597 at XuiSkin$EntityUiStyle.Load          > Could not find icon: Build_ButcherHook, script = Gancho de Carnicero
WARN : General      f:0 st:34,865,598 at XuiSkin$EntityUiStyle.Load          > Could not find icon: Build_SpinningWheel, script = Rueda de Hilar
WARN : General      f:0 st:34,865,598 at XuiSkin$EntityUiStyle.Load          > Could not find icon: Build_Coop, script = Gallinero (Madera Clara)
WARN : General      f:0 st:34,865,598 at XuiSkin$EntityUiStyle.Load          > Could not find icon: Build_Bookcase, script = Librero de Madera (Básico)
WARN : General      f:0 st:34,865,598 at XuiSkin$EntityUiStyle.LoadComponentInfo> Could not find icon: Build_Bookcase
WARN : General      f:0 st:34,865,598 at XuiSkin$EntityUiStyle.Load          > Could not find icon: Item_Petrol, script = Generador
WARN : General      f:0 st:34,865,598 at XuiSkin$EntityUiStyle.Load          > Could not find icon: Build_Bookcase, script = Librero de Madera (Artesano)
WARN : General      f:0 st:34,865,599 at XuiSkin$EntityUiStyle.Load          > Could not find icon: Build_BarricadeWindow_Bars, script = Barricada con barra metálica
WARN : General      f:0 st:34,865,599 at XuiSkin$EntityUiStyle.Load          > Could not find icon: Build_Stake_SkullBull, script = Poste con Cráneo de Toro
WARN : General      f:0 st:34,865,599 at XuiSkin$EntityUiStyle.Load          > Could not find icon: Build_Wall_Plaster, script = Enyesar pared
WARN : General      f:0 st:34,865,599 at XuiSkin$EntityUiStyle.Load          > Could not find icon: Build_CookingPit, script = Foso de Fuego (Bloques de Piedra)
WARN : General      f:0 st:34,865,599 at XuiSkin$EntityUiStyle.Load          > Could not find icon: Build_LoomSimple, script = Telar Simple
WARN : General      f:0 st:34,865,600 at XuiSkin$EntityUiStyle.Load          > Could not find icon: Build_WoodSign_Skull, script = Pintar letrero - Calavera
WARN : General      f:0 st:34,865,600 at XuiSkin$EntityUiStyle.Load          > Could not find icon: Build_WindowframeMetal, script = Marco de Ventana Metálico (Básico)
WARN : General      f:0 st:34,865,600 at XuiSkin$EntityUiStyle.Load          > Could not find icon: Build_WindowframeMetal, script = Marco de Ventana Metálico (Artesano)
WARN : General      f:0 st:34,865,600 at XuiSkin$EntityUiStyle.Load          > Could not find icon: Build_DoubleWireGate, script = Portón Alto Doble de Valla de Alambre
WARN : General      f:0 st:34,865,600 at XuiSkin$EntityUiStyle.Load          > Could not find icon: Build_RainCollectorBarrel, script = Barril Recolector de Lluvia (Lona)
WARN : General      f:0 st:34,865,601 at XuiSkin$EntityUiStyle.Load          > Could not find icon: Build_FenceBrick, script = Muro Bajo de Ladrillo
WARN : General      f:0 st:34,865,601 at XuiSkin$EntityUiStyle.Load          > Could not find icon: Build_LogSeat, script = Short Log Bench
WARN : General      f:0 st:34,865,601 at XuiSkin$EntityUiStyle.LoadComponentInfo> Could not find icon: Build_LogSeat
WARN : General      f:0 st:34,865,601 at XuiSkin$EntityUiStyle.Load          > Could not find icon: Build_FenceMetalPosts, script = Valla de Poste Metálico
WARN : General      f:0 st:34,865,601 at XuiSkin$EntityUiStyle.Load          > Could not find icon: Build_DoorWood, script = Puerta de Madera (Avanzado)
WARN : General      f:0 st:34,865,601 at XuiSkin$EntityUiStyle.Load          > Could not find icon: Build_WallframeMetal, script = Marco de Muro Metálico
WARN : General      f:0 st:34,865,602 at XuiSkin$EntityUiStyle.Load          > Could not find icon: Build_DoorWood, script = Puerta de Madera (Básico)
WARN : General      f:0 st:34,865,602 at XuiSkin$EntityUiStyle.Load          > Could not find icon: Build_WallframeWood, script = Marco de Muro de Madera
WARN : General      f:0 st:34,865,602 at XuiSkin$EntityUiStyle.Load          > Could not find icon: Item_Anvil_Stone, script = Forja Primitiva
WARN : General      f:0 st:34,865,602 at XuiSkin$EntityUiStyle.Load          > Could not find icon: Build_DoorMetal, script = Metal Door (Poor)
WARN : General      f:0 st:34,865,602 at XuiSkin$EntityUiStyle.Load          > Could not find icon: Build_DoorWeldedMetal, script = Metal Door (Shoddy)
WARN : General      f:0 st:34,865,603 at XuiSkin$EntityUiStyle.Load          > Could not find icon: Build_DoorWood, script = Puerta de Madera (Artesano)
WARN : General      f:0 st:34,865,603 at XuiSkin$EntityUiStyle.Load          > Could not find icon: Build_Cross, script = Cruz de Madera
WARN : General      f:0 st:34,865,603 at XuiSkin$EntityUiStyle.Load          > Could not find icon: Build_ShelvesWood, script = Estantes Dobles de Madera
WARN : General      f:0 st:34,865,603 at XuiSkin$EntityUiStyle.Load          > Could not find icon: Item_MugFulll, script = Coffee Machine
WARN : General      f:0 st:34,865,603 at XuiSkin$EntityUiStyle.Load          > Could not find icon: Item_RailroadRail_Short, script = Makeshift Electric Blower Forge
WARN : General      f:0 st:34,865,604 at XuiSkin$EntityUiStyle.LoadComponentInfo> Could not find icon: Item_RailroadRail_Short
WARN : General      f:0 st:34,865,604 at XuiSkin$EntityUiStyle.Load          > Could not find icon: Build_LeanToShelterTarp, script = Refugio de Lona
WARN : General      f:0 st:34,865,604 at XuiSkin$EntityUiStyle.Load          > Could not find icon: Build_HerbDryerLarge, script = Estante Grande para Secar Plantas
WARN : General      f:0 st:34,865,604 at XuiSkin$EntityUiStyle.Load          > Could not find icon: Build_StoneQuern, script = Molino Manual de Piedra
WARN : General      f:0 st:34,865,604 at XuiSkin$EntityUiStyle.LoadComponentInfo> Could not find icon: Build_StoneQuern
WARN : General      f:0 st:34,865,604 at XuiSkin$EntityUiStyle.Load          > Could not find icon: Build_WoodSign, script = Cartel de Madera
WARN : General      f:0 st:34,865,605 at XuiSkin$EntityUiStyle.Load          > Could not find icon: Build_WoodPole_Tall, script = Poste de Madera
WARN : General      f:0 st:34,865,605 at XuiSkin$EntityUiStyle.Load          > Could not find icon: Build_WoodSign_Down, script = Pintar letrero - Flecha abajo
WARN : General      f:0 st:34,865,605 at XuiSkin$EntityUiStyle.Load          > Could not find icon: Item_Dice, script = Test Entity
WARN : General      f:0 st:34,865,605 at XuiSkin$EntityUiStyle.LoadComponentInfo> Could not find icon: Item_Note2
WARN : General      f:0 st:34,865,605 at XuiSkin$EntityUiStyle.Load          > Could not find icon: Build_SandbagWall, script = Muro de Sacos de Arena
WARN : General      f:0 st:34,865,606 at XuiSkin$EntityUiStyle.Load          > Could not find icon: Build_SmeltingFurnace, script = Horno de Fundición Simple
WARN : General      f:0 st:34,865,606 at XuiSkin$EntityUiStyle.Load          > Could not find icon: Build_BarricadeWindow_Plank, script = Barricada con tablones
WARN : General      f:0 st:34,865,606 at XuiSkin$EntityUiStyle.Load          > Could not find icon: Item_Logs, script = Tree Stump
WARN : General      f:0 st:34,865,606 at XuiSkin$EntityUiStyle.LoadComponentInfo> Could not find icon: Item_Logs
WARN : General      f:0 st:34,865,606 at XuiSkin$EntityUiStyle.Load          > Could not find icon: Build_CrateWood, script = Caja de Madera (Artesano)
WARN : General      f:0 st:34,865,607 at XuiSkin$EntityUiStyle.Load          > Could not find icon: Build_TallWireGate, script = Portón de Valla de Alambre
WARN : General      f:0 st:34,865,607 at XuiSkin$EntityUiStyle.Load          > Could not find icon: Build_CrateWood, script = Caja de Madera (Básico)
WARN : General      f:0 st:34,865,607 at XuiSkin$EntityUiStyle.Load          > Could not find icon: Build_DoubleWireFence, script = Valla Alta de Alambre
WARN : General      f:0 st:34,865,607 at XuiSkin$EntityUiStyle.Load          > Could not find icon: Build_Composter, script = Compostador (Artesano)
WARN : General      f:0 st:34,865,607 at XuiSkin$EntityUiStyle.Load          > Could not find icon: Build_Amphora, script = Ánfora
WARN : General      f:0 st:34,865,607 at XuiSkin$EntityUiStyle.Load          > Could not find icon: Build_Coalpit, script = Montón para Quemar Carbón
WARN : General      f:0 st:34,865,608 at XuiSkin$EntityUiStyle.Load          > Could not find icon: Build_FloorTileWood, script = Suelo de Madera (Artesano)
WARN : General      f:0 st:34,865,608 at XuiSkin$EntityUiStyle.Load          > Could not find icon: Build_FloorTileWood, script = Suelo de Madera (Avanzado)
WARN : General      f:0 st:34,865,608 at XuiSkin$EntityUiStyle.Load          > Could not find icon: Build_FloorTileWood, script = Suelo de Madera (Básico)
WARN : General      f:0 st:34,865,608 at XuiSkin$EntityUiStyle.Load          > Could not find icon: Item_CarBatteryCharger, script = CeroSec - FS-800
WARN : General      f:0 st:34,865,608 at XuiSkin$EntityUiStyle.Load          > Could not find icon: Build_Wall_Wallpaper, script = Aplicar papel tapiz
WARN : General      f:0 st:34,865,609 at XuiSkin$EntityUiStyle.Load          > Could not find icon: Build_Chair, script = Silla de Madera (Básico)
WARN : General      f:0 st:34,865,609 at XuiSkin$EntityUiStyle.Load          > Could not find icon: Build_FlashlightLamp, script = Pilar de Linterna de Madera
WARN : General      f:0 st:34,865,609 at XuiSkin$EntityUiStyle.Load          > Could not find icon: Build_Chair, script = Silla de Madera (Avanzado)
WARN : General      f:0 st:34,865,609 at XuiSkin$EntityUiStyle.Load          > Could not find icon: Build_FenceHighMetalPosts, script = Valla Alta de Poste Metálico
WARN : General      f:0 st:34,865,609 at XuiSkin$EntityUiStyle.Load          > Could not find icon: Build_Chair, script = Silla de Madera (Artesano)
WARN : General      f:0 st:34,865,610 at XuiSkin$EntityUiStyle.Load          > Could not find icon: Build_LogStool, script = Taburete de Troncos
WARN : General      f:0 st:34,865,610 at XuiSkin$EntityUiStyle.Load          > Could not find icon: Build_TableSmallWood, script = Mesa Pequeña de Madera (Artesano)
WARN : General      f:0 st:34,865,610 at XuiSkin$EntityUiStyle.LoadComponentInfo> Could not find icon: Build_TableSmallWood
WARN : General      f:0 st:34,865,610 at XuiSkin$EntityUiStyle.Load          > Could not find icon: Build_TableSmallWood, script = Mesa Pequeña de Madera (Avanzado)
WARN : General      f:0 st:34,865,610 at XuiSkin$EntityUiStyle.LoadComponentInfo> Could not find icon: Build_TableSmallWood
WARN : General      f:0 st:34,865,610 at XuiSkin$EntityUiStyle.Load          > Could not find icon: Build_TableSmallWood, script = Mesa Pequeña de Madera (Básico)
WARN : General      f:0 st:34,865,611 at XuiSkin$EntityUiStyle.LoadComponentInfo> Could not find icon: Build_TableSmallWood
WARN : General      f:0 st:34,865,611 at XuiSkin$EntityUiStyle.Load          > Could not find icon: Item_CarBatteryCharger, script = Test Kiln
WARN : General      f:0 st:34,865,612 at XuiSkin$EntityUiStyle.LoadComponentInfo> Could not find icon: Item_Note2
WARN : General      f:0 st:34,865,612 at XuiSkin$EntityUiStyle.Load          > Could not find icon: Build_ShortWireGate, script = Portón de Alambre Metálico
WARN : General      f:0 st:34,865,612 at XuiSkin$EntityUiStyle.Load          > Could not find icon: Build_LogSeat, script = Asiento de Troncos
WARN : General      f:0 st:34,865,612 at XuiSkin$EntityUiStyle.Load          > Could not find icon: Item_PropaneTank, script = Steam Boiler
WARN : General      f:0 st:34,865,612 at XuiSkin$EntityUiStyle.Load          > Could not find icon: Build_TroughWoodLong, script = Comedero Largo de Madera
WARN : General      f:0 st:34,865,612 at XuiSkin$EntityUiStyle.Load          > Could not find icon: Build_MetalworkTable, script = Metalwork Table
WARN : General      f:0 st:34,865,613 at XuiSkin$EntityUiStyle.LoadComponentInfo> Could not find icon: Build_MetalworkTable
WARN : General      f:0 st:34,865,614 at XuiSkin$EntityUiStyle.Load          > Could not find icon: Item_Dice, script = Entity_DisplayName_Default
WARN : General      f:0 st:34,865,615 at XuiSkin$EntityUiStyle.LoadComponentInfo> Could not find icon: Item_Dice
WARN : General      f:0 st:34,865,615 at XuiSkin$EntityUiStyle.LoadComponentInfo> Could not find icon: Item_Dice
WARN : General      f:0 st:34,865,615 at XuiSkin$EntityUiStyle.LoadComponentInfo> Could not find icon: Item_Dice
WARN : General      f:0 st:34,865,615 at XuiSkin$EntityUiStyle.LoadComponentInfo> Could not find icon: Item_Dice
WARN : General      f:0 st:34,865,617 at XuiSkin$EntityUiStyle.Load          > Could not find icon: Build_FloorDirt, script = Suelo de Tierra
WARN : General      f:0 st:34,865,617 at XuiSkin$EntityUiStyle.Load          > Could not find icon: Build_DoorframeStone, script = Marco de Puerta de Piedra
WARN : General      f:0 st:34,865,617 at XuiSkin$EntityUiStyle.Load          > Could not find icon: Build_PotteryBench, script = Banco de Cerámica
WARN : General      f:0 st:34,865,617 at XuiSkin$EntityUiStyle.LoadComponentInfo> Could not find icon: Build_PotteryBench
WARN : General      f:0 st:34,865,618 at XuiSkin$EntityUiStyle.Load          > Could not find icon: Build_Cairn, script = Montículo de Piedras
WARN : General      f:0 st:34,865,618 at XuiSkin$EntityUiStyle.Load          > Could not find icon: Build_WallWood, script = Muro de Madera (Avanzado)
WARN : General      f:0 st:34,865,618 at XuiSkin$EntityUiStyle.Load          > Could not find icon: Build_WallWood, script = Muro de Madera (Básico)
WARN : General      f:0 st:34,865,618 at XuiSkin$EntityUiStyle.Load          > Could not find icon: Build_LeanToShelterSticks, script = Refugio Inclinado
WARN : General      f:0 st:34,865,618 at XuiSkin$EntityUiStyle.Load          > Could not find icon: Build_PotteryWheel, script = Rueda de Cerámica
WARN : General      f:0 st:34,865,619 at XuiSkin$EntityUiStyle.LoadComponentInfo> Could not find icon: Build_PotteryWheel
WARN : General      f:0 st:34,865,619 at XuiSkin$EntityUiStyle.Load          > Could not find icon: Build_CabinetStone, script = Gabinete de Piedra
WARN : General      f:0 st:34,865,619 at XuiSkin$EntityUiStyle.Load          > Could not find icon: Build_WallWood, script = Muro de Madera (Artesano)
WARN : General      f:0 st:34,865,619 at XuiSkin$EntityUiStyle.Load          > Could not find icon: Build_WoodSign_Left, script = Pintar letrero - Flecha izquierda
WARN : General      f:0 st:34,865,619 at XuiSkin$EntityUiStyle.Load          > Could not find icon: Build_PrimitiveFurnace, script = Horno de Fundición Primitivo
WARN : General      f:0 st:34,865,619 at XuiSkin$EntityUiStyle.Load          > Could not find icon: Build_DoorframeWood, script = Marco de Puerta de Madera (Artesano)
WARN : General      f:0 st:34,865,620 at XuiSkin$EntityUiStyle.Load          > Could not find icon: Build_DoorframeWood, script = Marco de Puerta de Madera (Avanzado)
WARN : General      f:0 st:34,865,620 at XuiSkin$EntityUiStyle.Load          > Could not find icon: Build_DoorframeWood, script = Marco de Puerta de Madera (Básico)
WARN : General      f:0 st:34,865,620 at XuiSkin$EntityUiStyle.Load          > Could not find icon: Build_WindowframeLogs, script = Marco de Ventana de Troncos
WARN : General      f:0 st:34,865,620 at XuiSkin$EntityUiStyle.Load          > Could not find icon: Build_FloorGravel, script = Suelo de Grava
WARN : General      f:0 st:34,865,620 at XuiSkin$EntityUiStyle.Load          > Could not find icon: Item_WaterBottle, script = Bottling Machine
WARN : General      f:0 st:34,865,621 at XuiSkin$EntityUiStyle.Load          > Could not find icon: Build_WallBrick, script = Muro de Ladrillo (Básico)
WARN : General      f:0 st:34,865,621 at XuiSkin$EntityUiStyle.Load          > Could not find icon: Build_WallBrick, script = Muro de Ladrillo (Artesano)
WARN : General      f:0 st:34,865,621 at XuiSkin$EntityUiStyle.Load          > Could not find icon: Build_DryingFrameLarge, script = Estante Grande para Secar Cuero
WARN : General      f:0 st:34,865,621 at XuiSkin$EntityUiStyle.Load          > Could not find icon: Build_RippleComb, script = Peine Ondulador
WARN : General      f:0 st:34,865,621 at XuiSkin$EntityUiStyle.Load          > Could not find icon: Build_Wall_Paint, script = Pintar pared / objeto
WARN : General      f:0 st:34,865,622 at XuiSkin$EntityUiStyle.Load          > Could not find icon: Build_FenceWood, script = Valla de Madera (Artesano)
WARN : General      f:0 st:34,865,622 at XuiSkin$EntityUiStyle.Load          > Could not find icon: Build_FenceWood, script = Valla de Madera (Avanzado)
WARN : General      f:0 st:34,865,622 at XuiSkin$EntityUiStyle.Load          > Could not find icon: Build_LogTable, script = Mesa de Troncos
WARN : General      f:0 st:34,865,622 at XuiSkin$EntityUiStyle.Load          > Could not find icon: Build_FenceWood, script = Valla de Madera (Básico)
WARN : General      f:0 st:34,865,622 at XuiSkin$EntityUiStyle.Load          > Could not find icon: Build_ForgeAdvanced, script = Forja Avanzada
WARN : General      f:0 st:34,865,623 at XuiSkin$EntityUiStyle.Load          > Could not find icon: Build_GunLocker, script = Casillero Metálico Pequeño (Artesano)
WARN : General      f:0 st:34,865,623 at XuiSkin$EntityUiStyle.Load          > Could not find icon: Build_GunLocker, script = Casillero Metálico Pequeño (Básico)
WARN : General      f:0 st:34,865,623 at XuiSkin$EntityUiStyle.Load          > Could not find icon: Build_RainCollectorCrate, script = Caja Recolectora de Lluvia (Lona)
WARN : General      f:0 st:34,865,623 at XuiSkin$EntityUiStyle.Load          > Could not find icon: Build_ButterChurn, script = Cubo para Mantequilla
WARN : General      f:0 st:34,865,623 at XuiSkin$EntityUiStyle.Load          > Could not find icon: Build_Stake_SkullCow, script = Poste con Cráneo de Vaca
WARN : General      f:0 st:34,865,624 at XuiSkin$EntityUiStyle.Load          > Could not find icon: Build_FloorTileMetal, script = Suelo Metálico
WARN : General      f:0 st:34,865,624 at XuiSkin$EntityUiStyle.Load          > Could not find icon: Build_Handpress, script = Prensa Manual
WARN : General      f:0 st:34,865,625 at XuiSkin$EntityUiStyle.LoadComponentInfo> Could not find icon: Build_Handpress
WARN : General      f:0 st:34,865,625 at XuiSkin$EntityUiStyle.Load          > Could not find icon: Build_MetalCounterCorner, script = Esquina de Mostrador Metálico (Artesano)
WARN : General      f:0 st:34,865,625 at XuiSkin$EntityUiStyle.Load          > Could not find icon: Build_MetalCounterCorner, script = Esquina de Mostrador Metálico (Básico)
WARN : General      f:0 st:34,865,625 at XuiSkin$EntityUiStyle.Load          > Could not find icon: Build_WoodCounterCorner, script = Esquina de Mostrador de Madera (Básico)
WARN : General      f:0 st:34,865,625 at XuiSkin$EntityUiStyle.Load          > Could not find icon: Build_HeckleComb, script = Peine para Fibras
WARN : General      f:0 st:34,865,626 at XuiSkin$EntityUiStyle.Load          > Could not find icon: Build_Stake_SkullPig, script = Poste con Cráneo de Cerdo
WARN : General      f:0 st:34,865,626 at XuiSkin$EntityUiStyle.Load          > Could not find icon: Build_ScutchingBoard, script = Tabla de Escochado
WARN : General      f:0 st:34,865,626 at XuiSkin$EntityUiStyle.Load          > Could not find icon: Build_FenceMetalPosts, script = Portón de Poste Metálico
WARN : General      f:0 st:34,865,626 at XuiSkin$EntityUiStyle.Load          > Could not find icon: Build_DoublePoleGate, script = Portón Alto Doble de Poste de Metal
WARN : General      f:0 st:34,865,626 at XuiSkin$EntityUiStyle.Load          > Could not find icon: Build_WoodCounter, script = Mostrador de Madera (Avanzado)
WARN : General      f:0 st:34,865,627 at XuiSkin$EntityUiStyle.Load          > Could not find icon: Build_WoodCounterCorner, script = Esquina de Mostrador de Madera (Artesano)
WARN : General      f:0 st:34,865,627 at XuiSkin$EntityUiStyle.Load          > Could not find icon: Build_WoodCounter, script = Mostrador de Madera (Básico)
WARN : General      f:0 st:34,865,627 at XuiSkin$EntityUiStyle.Load          > Could not find icon: Build_WoodCounterCorner, script = Esquina de Mostrador de Madera (Avanzado)
WARN : General      f:0 st:34,865,627 at XuiSkin$EntityUiStyle.Load          > Could not find icon: Build_WoodCounter, script = Mostrador de Madera (Artesano)
WARN : General      f:0 st:34,865,627 at XuiSkin$EntityUiStyle.Load          > Could not find icon: Build_RainCollectorBarrel2, script = Barril Recolector de Lluvia (Bolsas de Basura)
WARN : General      f:0 st:34,865,627 at XuiSkin$EntityUiStyle.Load          > Could not find icon: Build_WoodSign_Up, script = Pintar letrero - Flecha arriba
WARN : General      f:0 st:34,865,628 at XuiSkin$EntityUiStyle.Load          > Could not find icon: Build_WoodSign_Right, script = Pintar letrero - Flecha derecha
WARN : General      f:0 st:34,865,628 at XuiSkin$EntityUiStyle.Load          > Could not find icon: Item_SheetMetal, script = Hydraulic Press
WARN : General      f:0 st:34,865,628 at XuiSkin$EntityUiStyle.Load          > Could not find icon: Build_FenceMetal, script = Valla Metálica (Artesano)
WARN : General      f:0 st:34,865,628 at XuiSkin$EntityUiStyle.Load          > Could not find icon: Build_FenceLogs, script = Valla de Troncos
WARN : General      f:0 st:34,865,628 at XuiSkin$EntityUiStyle.Load          > Could not find icon: Build_FenceMetal, script = Valla Metálica (Básica)
WARN : General      f:0 st:34,865,629 at XuiSkin$EntityUiStyle.Load          > Could not find icon: Item_Orange, script = Juice Maker
WARN : General      f:0 st:34,865,629 at XuiSkin$EntityUiStyle.Load          > Could not find icon: Build_Campfire, script = Hoguera
WARN : General      f:0 st:34,865,629 at XuiSkin$EntityUiStyle.LoadComponentInfo> Could not find icon: Build_Campfire
WARN : General      f:0 st:34,865,629 at XuiSkin$EntityUiStyle.Load          > Could not find icon: Build_StairsMetal, script = Escaleras Metálicas
WARN : General      f:0 st:34,865,629 at XuiSkin$EntityUiStyle.Load          > Could not find icon: Build_TroughWoodShort, script = Comedero Corto de Madera
WARN : General      f:0 st:34,865,630 at XuiSkin$EntityUiStyle.Load          > Could not find icon: Item_Anvil_Forged, script = Advanced Makeshift Electric Blower Forge
WARN : General      f:0 st:34,865,630 at XuiSkin$EntityUiStyle.LoadComponentInfo> Could not find icon: Item_Anvil_Forged
WARN : General      f:0 st:34,865,630 at XuiSkin$EntityUiStyle.Load          > Could not find icon: Build_WallStone, script = Muro de Piedra
WARN : General      f:0 st:34,865,630 at XuiSkin$EntityUiStyle.Load          > Could not find icon: Build_Stake_SkullDoe, script = Poste con Cráneo de Cierva
WARN : General      f:0 st:34,865,630 at XuiSkin$EntityUiStyle.Load          > Could not find icon: Build_WindowBlack, script = Mostrador de Madera
WARN : General      f:0 st:34,865,631 at XuiSkin$EntityUiStyle.Load          > Could not find icon: Item_Clamp_Forged, script = Standing Drill Press
WARN : General      f:0 st:34,865,631 at XuiSkin$EntityUiStyle.LoadComponentInfo> Could not find icon: Item_Clamp_Forged
WARN : General      f:0 st:34,865,631 at XuiSkin$EntityUiStyle.Load          > Could not find icon: Build_KilnSmall, script = Horno de Alfarería Primitivo
WARN : General      f:0 st:34,865,631 at XuiSkin$EntityUiStyle.Load          > Could not find icon: Build_ShelvesMetal, script = Estanterías Metálicas (Básico)
WARN : General      f:0 st:34,865,631 at XuiSkin$EntityUiStyle.Load          > Could not find icon: Build_ShelvesMetal, script = Estanterías Metálicas (Artesano)
WARN : General      f:0 st:34,865,632 at XuiSkin$EntityUiStyle.Load          > Could not find icon: Build_DomeKiln, script = Horno en cúpula
WARN : General      f:0 st:34,865,632 at XuiSkin$EntityUiStyle.Load          > Could not find icon: Build_Loom, script = Loom
WARN : General      f:0 st:34,865,632 at XuiSkin$EntityUiStyle.Load          > Could not find icon: Build_BarricadeWindow_Sheet, script = Barricada con chapa metálica
WARN : General      f:0 st:34,865,632 at XuiSkin$EntityUiStyle.Load          > Could not find icon: Build_DoubleWoodGate, script = Portón Doble Alto de Madera
WARN : General      f:0 st:34,865,632 at XuiSkin$EntityUiStyle.Load          > Could not find icon: Build_StoneMill, script = Molino de Piedra
WARN : General      f:0 st:34,865,632 at XuiSkin$EntityUiStyle.LoadComponentInfo> Could not find icon: Build_StoneMill
WARN : General      f:0 st:34,865,633 at XuiSkin$EntityUiStyle.Load          > Could not find icon: Build_WallMetal, script = Muro Metálico (Artesano)
WARN : General      f:0 st:34,865,633 at XuiSkin$EntityUiStyle.Load          > Could not find icon: Item_ClayMold_Shingle, script = Well
WARN : General      f:0 st:34,865,633 at XuiSkin$EntityUiStyle.Load          > Could not find icon: Item_Boulder, script = Roca
WARN : General      f:0 st:34,865,633 at XuiSkin$EntityUiStyle.LoadComponentInfo> Could not find icon: Item_Boulder
WARN : General      f:0 st:34,865,633 at XuiSkin$EntityUiStyle.Load          > Could not find icon: Build_WindowframeWood, script = Marco de Ventana de Madera (Avanzado)
WARN : General      f:0 st:34,865,634 at XuiSkin$EntityUiStyle.Load          > Could not find icon: Build_WindowframeWood, script = Marco de Ventana de Madera (Artesano)
WARN : General      f:0 st:34,865,634 at XuiSkin$EntityUiStyle.Load          > Could not find icon: Build_StickBookcase, script = Estantería de Madera Rústica
WARN : General      f:0 st:34,865,634 at XuiSkin$EntityUiStyle.Load          > Could not find icon: Build_CabinetMetal, script = Gran Armario Metálico (Básico)
WARN : General      f:0 st:34,865,634 at XuiSkin$EntityUiStyle.Load          > Could not find icon: Build_ChoppingBlock, script = Tajo de Madera
WARN : General      f:0 st:34,865,634 at XuiSkin$EntityUiStyle.LoadComponentInfo> Could not find icon: Build_ChoppingBlock
WARN : General      f:0 st:34,865,635 at XuiSkin$EntityUiStyle.Load          > Could not find icon: Build_WallMetal, script = Muro Metálico (Básico)
WARN : General      f:0 st:34,865,635 at XuiSkin$EntityUiStyle.Load          > Could not find icon: Item_Logs, script = Sawmill
WARN : General      f:0 st:34,865,635 at XuiSkin$EntityUiStyle.Load          > Could not find icon: Build_WindowframeWood, script = Marco de Ventana de Madera (Básico)
WARN : General      f:0 st:34,865,635 at XuiSkin$EntityUiStyle.Load          > Could not find icon: Build_CabinetMetal, script = Gran Armario Metálico (Artesano)
WARN : General      f:0 st:34,865,635 at XuiSkin$EntityUiStyle.Load          > Could not find icon: Build_WindowframeBrick, script = Marco de Ventana de Ladrillo (Artesano)
WARN : General      f:0 st:34,865,636 at XuiSkin$EntityUiStyle.Load          > Could not find icon: Build_WindowframeBrick, script = Marco de Ventana de Ladrillo (Básico)
WARN : General      f:0 st:34,865,636 at XuiSkin$EntityUiStyle.Load          > Could not find icon: Build_CookingPitSimple, script = Hoguera Simple (Piedras)
WARN : General      f:0 st:34,865,636 at XuiSkin$EntityUiStyle.Load          > Could not find icon: Build_FenceWire, script = Valla de Alambre de Espino
WARN : General      f:0 st:34,865,636 at XuiSkin$EntityUiStyle.Load          > Could not find icon: Build_CrateMetal, script = Caja Metálica (Artesano)
WARN : General      f:0 st:34,865,636 at XuiSkin$EntityUiStyle.Load          > Could not find icon: Build_CrateMetal, script = Caja Metálica (Básica)
WARN : General      f:0 st:34,865,637 at XuiSkin$EntityUiStyle.Load          > Could not find icon: Build_AnvilStone, script = Yunque de Piedra
WARN : General      f:0 st:34,865,637 at XuiSkin$EntityUiStyle.LoadComponentInfo> Could not find icon: Build_AnvilStone
WARN : General      f:0 st:34,865,637 at XuiSkin$EntityUiStyle.Load          > Could not find icon: Item_WaterTank, script = Water Dispenser
WARN : General      f:0 st:34,865,637 at XuiSkin$EntityUiStyle.Load          > Could not find icon: Build_DoorframeMetal, script = Marco de Puerta Metálico (Básico)
WARN : General      f:0 st:34,865,637 at XuiSkin$EntityUiStyle.Load          > Could not find icon: Build_LeanToShelterLeather, script = Refugio de Cuero
WARN : General      f:0 st:34,865,638 at XuiSkin$EntityUiStyle.Load          > Could not find icon: Build_DoorframeMetal, script = Marco de Puerta Metálico (Artesano)
WARN : General      f:0 st:34,865,638 at XuiSkin$EntityUiStyle.Load          > Could not find icon: Build_TableLargeWood, script = Mesa de Madera (Avanzado)
WARN : General      f:0 st:34,865,638 at XuiSkin$EntityUiStyle.LoadComponentInfo> Could not find icon: Build_TableLargeWood
WARN : General      f:0 st:34,865,638 at XuiSkin$EntityUiStyle.Load          > Could not find icon: Build_LogSeat2, script = Taburete Rústico de Madera
WARN : General      f:0 st:34,865,638 at XuiSkin$EntityUiStyle.Load          > Could not find icon: Build_TableLargeWood, script = Mesa de Madera (Básico)
WARN : General      f:0 st:34,865,639 at XuiSkin$EntityUiStyle.LoadComponentInfo> Could not find icon: Build_TableLargeWood
WARN : General      f:0 st:34,865,639 at XuiSkin$EntityUiStyle.Load          > Could not find icon: Build_TableLargeWood, script = Mesa de Madera (Artesano)
WARN : General      f:0 st:34,865,639 at XuiSkin$EntityUiStyle.LoadComponentInfo> Could not find icon: Build_TableLargeWood
WARN : General      f:0 st:34,865,639 at XuiSkin$EntityUiStyle.Load          > Could not find icon: Build_HerbDryerSmall, script = Secadero simple para plantas pequeñas
WARN : General      f:0 st:34,865,639 at XuiSkin$EntityUiStyle.Load          > Could not find icon: Build_DoorframeBrick, script = Marco de Puerta de Ladrillo (Básico)
WARN : General      f:0 st:34,865,640 at XuiSkin$EntityUiStyle.Load          > Could not find icon: Build_DoorframeBrick, script = Marco de Puerta de Ladrillo (Artesano)
WARN : General      f:0 st:34,865,640 at XuiSkin$EntityUiStyle.Load          > Could not find icon: Item_Key_Blank, script = Key Duplicator
WARN : General      f:0 st:34,865,640 at XuiSkin$EntityUiStyle.Load          > Could not find icon: Build_MetalCounter, script = Mostrador Metálico (Básico)
WARN : General      f:0 st:34,865,640 at XuiSkin$EntityUiStyle.Load          > Could not find icon: Build_MetalCounter, script = Mostrador Metálico (Artesano)
WARN : General      f:0 st:34,865,640 at XuiSkin$EntityUiStyle.Load          > Could not find icon: Build_WallLogs, script = Muro de Troncos
WARN : General      f:0 st:34,865,641 at XuiSkin$EntityUiStyle.Load          > Could not find icon: Item_Anvil_Forged, script = Electric Blower Forge
WARN : General      f:0 st:34,865,641 at XuiSkin$EntityUiStyle.LoadComponentInfo> Could not find icon: Item_Anvil_Forged
WARN : General      f:0 st:34,865,641 at XuiSkin$EntityUiStyle.Load          > Could not find icon: Build_DryingFrameSmall, script = Estante Pequeño para Secar Cuero
WARN : General      f:0 st:34,865,641 at XuiSkin$EntityUiStyle.Load          > Could not find icon: Build_WindowframeStone, script = Marco de Ventana de Piedra
WARN : General      f:0 st:34,865,641 at XuiSkin$EntityUiStyle.Load          > Could not find icon: Build_FurnaceAdvanced, script = Horno de Fundición Avanzado
WARN : General      f:0 st:34,865,641 at XuiSkin$EntityUiStyle.Load          > Could not find icon: Build_DryingFrameSmall, script = Estante Mediano para Secar Cuero
WARN : General      f:0 st:34,865,642 at XuiSkin$EntityUiStyle.Load          > Could not find icon: Item_Rock, script = Grinding Slab
WARN : General      f:0 st:34,865,642 at XuiSkin$EntityUiStyle.LoadComponentInfo> Could not find icon: Item_Rock
WARN : General      f:0 st:34,865,642 at XuiSkin$EntityUiStyle.Load          > Could not find icon: Build_BarrelOven, script = Horno de Barril Metálico
WARN : General      f:0 st:34,865,642 at XuiSkin$EntityUiStyle.Load          > Could not find icon: Build_CharcoalDrum, script = Barril para Quemar Carbón
WARN : General      f:0 st:34,865,642 at XuiSkin$EntityUiStyle.Load          > Could not find icon: Build_StairsWood, script = Escaleras de Madera
WARN : General      f:0 st:34,865,643 at XuiSkin$EntityUiStyle.Load          > Could not find icon: Item_Ingot_Steel, script = Arc Furnace
WARN : General      f:0 st:34,865,643 at XuiSkin$EntityUiStyle.LoadComponentInfo> Could not find icon: Item_Ingot_Steel
WARN : General      f:0 st:34,865,643 at XuiSkin$EntityUiStyle.Load          > Could not find icon: Build_TroughMetal, script = Comedero Largo Metálico
WARN : General      f:0 st:34,865,643 at XuiSkin$EntityUiStyle.Load          > Could not find icon: Build_KilnLarge, script = Horno de Alfarería Avanzado
WARN : General      f:0 st:34,865,643 at XuiSkin$EntityUiStyle.Load          > Could not find icon: Build_ShelfWood, script = Estantería de Madera (Básico)
WARN : General      f:0 st:34,865,643 at XuiSkin$EntityUiStyle.Load          > Could not find icon: Build_RainCollectorCrate2, script = Caja Recolectora de Lluvia (Bolsas de Basura)
WARN : General      f:0 st:34,865,644 at XuiSkin$EntityUiStyle.Load          > Could not find icon: Build_HerbDryerLarge, script = Secadero simple para plantas grandes
WARN : General      f:0 st:34,865,644 at XuiSkin$EntityUiStyle.Load          > Could not find icon: Build_WoodPicket, script = Marcador de Madera
WARN : General      f:0 st:34,865,644 at XuiSkin$EntityUiStyle.Load          > Could not find icon: Build_ShelfWood, script = Estantería de Madera (Artesano)
WARN : General      f:0 st:34,865,644 at XuiSkin$EntityUiStyle.Load          > Could not find icon: Build_FloorSand, script = Suelo de Arena
WARN : General      f:0 st:34,865,644 at XuiSkin$EntityUiStyle.Load          > Could not find icon: Build_Sidetable, script = Wood Table with Drawer
WARN : General      f:0 st:34,865,645 at XuiSkin$EntityUiStyle.Load          > Could not find icon: Build_TanningBarrel, script = Barril de Tanino
WARN : General      f:0 st:34,865,645 at XuiSkin$EntityUiStyle.Load          > Could not find icon: Build_Sidetable, script = Mesa de Madera con Cajón (Artesano)
WARN : General      f:0 st:34,865,645 at XuiSkin$EntityUiStyle.Load          > Could not find icon: Build_Sidetable, script = Mesa de Madera con Cajón (Básico)
WARN : General      f:0 st:34,865,645 at XuiSkin$EntityUiStyle.Load          > Could not find icon: Build_Bed, script = Cama de Madera
WARN : General      f:0 st:34,865,645 at XuiSkin$EntityUiStyle.Load          > Could not find icon: Build_SmeltingFurnace, script = Forja Simple
WARN : General      f:0 st:34,865,646 at XuiSkin$EntityUiStyle.Load          > Could not find icon: Build_LogBench, script = Banco de Troncos
WARN : General      f:0 st:34,865,646 at XuiSkin$EntityUiStyle.Load          > Could not find icon: Build_StickBookcaseSmall, script = Estante pequeño de madera rústica
WARN : General      f:0 st:34,865,646 at XuiSkin$EntityUiStyle.Load          > Could not find icon: Item_WaterDrop, script = Water Pump
WARN : General      f:0 st:34,865,646 at XuiSkin$EntityUiStyle.Load          > Could not find icon: Build_Grindstone, script = Piedra de Afilar
WARN : General      f:0 st:34,865,646 at XuiSkin$EntityUiStyle.Load          > Could not find icon: Item_Hacksaw, script = Sierra de banda metálica
WARN : General      f:0 st:34,865,647 at XuiSkin$EntityUiStyle.Load          > Could not find icon: Build_BookcaseShort, script = Pequeño Librero de Madera (Artesano)
WARN : General      f:0 st:34,865,647 at XuiSkin$EntityUiStyle.Load          > Could not find icon: Build_MetalworkBench, script = Metalworkbench
WARN : General      f:0 st:34,865,647 at XuiSkin$EntityUiStyle.LoadComponentInfo> Could not find icon: Build_MetalworkBench
WARN : General      f:0 st:34,865,647 at XuiSkin$EntityUiStyle.Load          > Could not find icon: Item_Handle, script = Poste de Valla de Madera
WARN : General      f:0 st:34,865,647 at XuiSkin$EntityUiStyle.LoadComponentInfo> Could not find icon: Item_Handle
WARN : General      f:0 st:34,865,647 at XuiSkin$EntityUiStyle.Load          > Could not find icon: Build_BookcaseShort, script = Pequeño Librero de Madera (Básico)
WARN : General      f:0 st:34,865,648 at XuiSkin$EntityUiStyle.Load          > Could not find icon: Build_Composter, script = Compostador (Básico)
WARN : General      f:0 st:34,865,648 at XuiSkin$EntityUiStyle.Load          > Could not find icon: Build_FenceStakes, script = Valla de Madera Rústica
WARN : General      f:0 st:34,865,648 at XuiSkin$EntityUiStyle.Load          > Could not find icon: Build_DoorframeLogs, script = Marco de Puerta de Troncos
WARN : General      f:0 st:34,865,648 at XuiSkin$EntityUiStyle.Load          > Could not find icon: Build_DoorFenceWood, script = Puerta de Valla de Madera
WARN : General      f:0 st:34,865,648 at XuiSkin$EntityUiStyle.Load          > Could not find icon: Build_SofteningBeam, script = Travesaño Ablandador
WARN : General      f:0 st:34,865,649 at XuiSkin$EntityUiStyle.Load          > Could not find icon: Build_ShortWireFence, script = Cerca de alambrado pequeña
WARN : General      f:0 st:34,865,649 at XuiSkin$EntityUiStyle.Load          > Could not find icon: Build_Stake_SkullStag, script = Poste con Cráneo de Ciervo
WARN : General      f:0 st:34,865,649 at XuiSkin$EntityUiStyle.Load          > Could not find icon: Item_Charcoal, script = Pit of Coals
WARN : General      f:0 st:34,865,649 at XuiSkin$EntityUiStyle.Load          > Could not find icon: Build_HerbDryerSmall, script = Estante Pequeño para Secar Plantas
WARN : General      f:0 st:34,865,650 at XuiSkin$EntityUiStyle.Load          > Could not find icon: Item_BlowTorch, script = Metalwork Lathe
WARN : General      f:0 st:34,865,650 at XuiSkin$EntityUiStyle.LoadComponentInfo> Could not find icon: Item_BlowTorch
WARN : General      f:0 st:34,865,650 at XuiSkin$EntityUiStyle.Load          > Could not find icon: Build_LogTable2, script = Mesa Rústica de Madera
WARN : General      f:0 st:34,865,650 at XuiSkin$EntityUiStyle.Load          > Could not find icon: Build_Coffin, script = Ataúd de Madera
WARN : General      f:0 st:34,865,650 at XuiSkin$EntityUiStyle.Load          > Could not find icon: Build_Stake_Antlers, script = Poste con Cornamenta
WARN : General      f:0 st:34,865,651 at XuiSkin$EntityUiStyle.Load          > Could not find icon: Build_Stake_SkullSheep, script = Poste con Cráneo de Oveja
WARN : General      f:0 st:34,865,651 at XuiSkin$EntityUiStyle.Load          > Could not find icon: Item_WaterDrop, script = Steam Turbine
WARN : General      f:0 st:34,865,651 at XuiSkin$EntityUiStyle.Load          > Could not find icon: Build_Coop2, script = Gallinero (Madera Oscura)
WARN : General      f:0 st:34,865,651 at XuiSkin$EntityUiStyle.Load          > Could not find icon: Build_FenceOpenLogs, script = Portón Ancho de Troncos
WARN : General      f:0 st:34,865,651 at XuiSkin$EntityUiStyle.Load          > Could not find icon: Build_PoleGate, script = Puerta de cerca de Metal
WARN : General      f:0 st:34,865,651 at XuiSkin$EntityUiStyle.Load          > Could not find icon: Build_StairsLogs, script = Escaleras de Troncos
WARN : General      f:0 st:34,865,652 at XuiSkin$EntityUiStyle.Load          > Could not find icon: Item_Toast, script = Toaster
WARN : General      f:0 st:34,865,652 at XuiSkin$EntityUiStyle.Load          > Could not find icon: Build_FloorTilePorcelain, script = Suelo de Baldosas
WARN : General      f:0 st:34,865,652 at XuiSkin$EntityUiStyle.Load          > Could not find icon: Build_CrossSimple, script = Cruz Rústica de Madera
WARN : General      f:0 st:34,865,652 at XuiSkin$EntityUiStyle.Load          > Could not find icon: Item_Charcoal, script = Large Pit of Coals
WARN : General      f:0 st:34,865,652 at XuiSkin$EntityUiStyle.Load          > Could not find icon: Build_ButcherHook, script = Gancho de Carnicero
WARN : General      f:0 st:34,865,653 at XuiSkin$EntityUiStyle.Load          > Could not find icon: Build_SpinningWheel, script = Rueda de Hilar
WARN : General      f:0 st:34,865,653 at XuiSkin$EntityUiStyle.Load          > Could not find icon: Build_Coop, script = Gallinero (Madera Clara)
WARN : General      f:0 st:34,865,653 at XuiSkin$EntityUiStyle.Load          > Could not find icon: Build_Bookcase, script = Librero de Madera (Básico)
WARN : General      f:0 st:34,865,653 at XuiSkin$EntityUiStyle.LoadComponentInfo> Could not find icon: Build_Bookcase
WARN : General      f:0 st:34,865,653 at XuiSkin$EntityUiStyle.Load          > Could not find icon: Item_Petrol, script = Generador
WARN : General      f:0 st:34,865,654 at XuiSkin$EntityUiStyle.Load          > Could not find icon: Build_Bookcase, script = Librero de Madera (Artesano)
WARN : General      f:0 st:34,865,654 at XuiSkin$EntityUiStyle.Load          > Could not find icon: Build_BarricadeWindow_Bars, script = Barricada con barra metálica
WARN : General      f:0 st:34,865,654 at XuiSkin$EntityUiStyle.Load          > Could not find icon: Build_Stake_SkullBull, script = Poste con Cráneo de Toro
WARN : General      f:0 st:34,865,654 at XuiSkin$EntityUiStyle.Load          > Could not find icon: Build_Wall_Plaster, script = Enyesar pared
WARN : General      f:0 st:34,865,654 at XuiSkin$EntityUiStyle.Load          > Could not find icon: Build_CookingPit, script = Foso de Fuego (Bloques de Piedra)
WARN : General      f:0 st:34,865,655 at XuiSkin$EntityUiStyle.Load          > Could not find icon: Build_LoomSimple, script = Telar Simple
WARN : General      f:0 st:34,865,655 at XuiSkin$EntityUiStyle.Load          > Could not find icon: Build_WoodSign_Skull, script = Pintar letrero - Calavera
WARN : General      f:0 st:34,865,655 at XuiSkin$EntityUiStyle.Load          > Could not find icon: Build_WindowframeMetal, script = Marco de Ventana Metálico (Básico)
WARN : General      f:0 st:34,865,655 at XuiSkin$EntityUiStyle.Load          > Could not find icon: Build_WindowframeMetal, script = Marco de Ventana Metálico (Artesano)
WARN : General      f:0 st:34,865,655 at XuiSkin$EntityUiStyle.Load          > Could not find icon: Build_DoubleWireGate, script = Portón Alto Doble de Valla de Alambre
WARN : General      f:0 st:34,865,655 at XuiSkin$EntityUiStyle.Load          > Could not find icon: Build_RainCollectorBarrel, script = Barril Recolector de Lluvia (Lona)
WARN : General      f:0 st:34,865,656 at XuiSkin$EntityUiStyle.Load          > Could not find icon: Build_FenceBrick, script = Muro Bajo de Ladrillo
WARN : General      f:0 st:34,865,656 at XuiSkin$EntityUiStyle.Load          > Could not find icon: Build_LogSeat, script = Short Log Bench
WARN : General      f:0 st:34,865,656 at XuiSkin$EntityUiStyle.LoadComponentInfo> Could not find icon: Build_LogSeat
WARN : General      f:0 st:34,865,656 at XuiSkin$EntityUiStyle.Load          > Could not find icon: Build_FenceMetalPosts, script = Valla de Poste Metálico
WARN : General      f:0 st:34,865,656 at XuiSkin$EntityUiStyle.Load          > Could not find icon: Build_DoorWood, script = Puerta de Madera (Avanzado)
WARN : General      f:0 st:34,865,657 at XuiSkin$EntityUiStyle.Load          > Could not find icon: Build_WallframeMetal, script = Marco de Muro Metálico
WARN : General      f:0 st:34,865,657 at XuiSkin$EntityUiStyle.Load          > Could not find icon: Build_DoorWood, script = Puerta de Madera (Básico)
WARN : General      f:0 st:34,865,657 at XuiSkin$EntityUiStyle.Load          > Could not find icon: Build_WallframeWood, script = Marco de Muro de Madera
WARN : General      f:0 st:34,865,657 at XuiSkin$EntityUiStyle.Load          > Could not find icon: Item_Anvil_Stone, script = Forja Primitiva
WARN : General      f:0 st:34,865,657 at XuiSkin$EntityUiStyle.Load          > Could not find icon: Build_DoorMetal, script = Metal Door (Poor)
WARN : General      f:0 st:34,865,658 at XuiSkin$EntityUiStyle.Load          > Could not find icon: Build_DoorWeldedMetal, script = Metal Door (Shoddy)
WARN : General      f:0 st:34,865,658 at XuiSkin$EntityUiStyle.Load          > Could not find icon: Build_DoorWood, script = Puerta de Madera (Artesano)
WARN : General      f:0 st:34,865,658 at XuiSkin$EntityUiStyle.Load          > Could not find icon: Build_Cross, script = Cruz de Madera
WARN : General      f:0 st:34,865,658 at XuiSkin$EntityUiStyle.Load          > Could not find icon: Build_ShelvesWood, script = Estantes Dobles de Madera
WARN : General      f:0 st:34,865,658 at XuiSkin$EntityUiStyle.Load          > Could not find icon: Item_MugFulll, script = Coffee Machine
WARN : General      f:0 st:34,865,658 at XuiSkin$EntityUiStyle.Load          > Could not find icon: Item_RailroadRail_Short, script = Makeshift Electric Blower Forge
WARN : General      f:0 st:34,865,659 at XuiSkin$EntityUiStyle.LoadComponentInfo> Could not find icon: Item_RailroadRail_Short
WARN : General      f:0 st:34,865,659 at XuiSkin$EntityUiStyle.Load          > Could not find icon: Build_LeanToShelterTarp, script = Refugio de Lona
WARN : General      f:0 st:34,865,659 at XuiSkin$EntityUiStyle.Load          > Could not find icon: Build_HerbDryerLarge, script = Estante Grande para Secar Plantas
WARN : General      f:0 st:34,865,659 at XuiSkin$EntityUiStyle.Load          > Could not find icon: Build_StoneQuern, script = Molino Manual de Piedra
WARN : General      f:0 st:34,865,659 at XuiSkin$EntityUiStyle.LoadComponentInfo> Could not find icon: Build_StoneQuern
WARN : General      f:0 st:34,865,660 at XuiSkin$EntityUiStyle.Load          > Could not find icon: Build_WoodSign, script = Cartel de Madera
WARN : General      f:0 st:34,865,660 at XuiSkin$EntityUiStyle.Load          > Could not find icon: Build_WoodPole_Tall, script = Poste de Madera
WARN : General      f:0 st:34,865,660 at XuiSkin$EntityUiStyle.Load          > Could not find icon: Build_WoodSign_Down, script = Pintar letrero - Flecha abajo
WARN : General      f:0 st:34,865,660 at XuiSkin$EntityUiStyle.Load          > Could not find icon: Item_Dice, script = Test Entity
WARN : General      f:0 st:34,865,660 at XuiSkin$EntityUiStyle.LoadComponentInfo> Could not find icon: Item_Note2
WARN : General      f:0 st:34,865,660 at XuiSkin$EntityUiStyle.Load          > Could not find icon: Build_SandbagWall, script = Muro de Sacos de Arena
WARN : General      f:0 st:34,865,661 at XuiSkin$EntityUiStyle.Load          > Could not find icon: Build_SmeltingFurnace, script = Horno de Fundición Simple
WARN : General      f:0 st:34,865,661 at XuiSkin$EntityUiStyle.Load          > Could not find icon: Build_BarricadeWindow_Plank, script = Barricada con tablones
WARN : General      f:0 st:34,865,661 at XuiSkin$EntityUiStyle.Load          > Could not find icon: Item_Logs, script = Tree Stump
WARN : General      f:0 st:34,865,661 at XuiSkin$EntityUiStyle.LoadComponentInfo> Could not find icon: Item_Logs
WARN : General      f:0 st:34,865,661 at XuiSkin$EntityUiStyle.Load          > Could not find icon: Build_CrateWood, script = Caja de Madera (Artesano)
WARN : General      f:0 st:34,865,662 at XuiSkin$EntityUiStyle.Load          > Could not find icon: Build_TallWireGate, script = Portón de Valla de Alambre
WARN : General      f:0 st:34,865,662 at XuiSkin$EntityUiStyle.Load          > Could not find icon: Build_CrateWood, script = Caja de Madera (Básico)
WARN : General      f:0 st:34,865,662 at XuiSkin$EntityUiStyle.Load          > Could not find icon: Build_DoubleWireFence, script = Valla Alta de Alambre
WARN : General      f:0 st:34,865,662 at XuiSkin$EntityUiStyle.Load          > Could not find icon: Build_Composter, script = Compostador (Artesano)
WARN : General      f:0 st:34,865,662 at XuiSkin$EntityUiStyle.Load          > Could not find icon: Build_Amphora, script = Ánfora
WARN : General      f:0 st:34,865,663 at XuiSkin$EntityUiStyle.Load          > Could not find icon: Build_Coalpit, script = Montón para Quemar Carbón
WARN : General      f:0 st:34,865,663 at XuiSkin$EntityUiStyle.Load          > Could not find icon: Build_FloorTileWood, script = Suelo de Madera (Artesano)
WARN : General      f:0 st:34,865,663 at XuiSkin$EntityUiStyle.Load          > Could not find icon: Build_FloorTileWood, script = Suelo de Madera (Avanzado)
WARN : General      f:0 st:34,865,663 at XuiSkin$EntityUiStyle.Load          > Could not find icon: Build_FloorTileWood, script = Suelo de Madera (Básico)
WARN : General      f:0 st:34,865,663 at XuiSkin$EntityUiStyle.Load          > Could not find icon: Item_CarBatteryCharger, script = CeroSec - FS-800
WARN : General      f:0 st:34,865,664 at XuiSkin$EntityUiStyle.Load          > Could not find icon: Build_Wall_Wallpaper, script = Aplicar papel tapiz
WARN : General      f:0 st:34,865,664 at XuiSkin$EntityUiStyle.Load          > Could not find icon: Build_Chair, script = Silla de Madera (Básico)
WARN : General      f:0 st:34,865,664 at XuiSkin$EntityUiStyle.Load          > Could not find icon: Build_FlashlightLamp, script = Pilar de Linterna de Madera
WARN : General      f:0 st:34,865,664 at XuiSkin$EntityUiStyle.Load          > Could not find icon: Build_Chair, script = Silla de Madera (Avanzado)
WARN : General      f:0 st:34,865,664 at XuiSkin$EntityUiStyle.Load          > Could not find icon: Build_FenceHighMetalPosts, script = Valla Alta de Poste Metálico
WARN : General      f:0 st:34,865,664 at XuiSkin$EntityUiStyle.Load          > Could not find icon: Build_Chair, script = Silla de Madera (Artesano)
WARN : General      f:0 st:34,865,665 at XuiSkin$EntityUiStyle.Load          > Could not find icon: Build_LogStool, script = Taburete de Troncos
WARN : General      f:0 st:34,865,665 at XuiSkin$EntityUiStyle.Load          > Could not find icon: Build_TableSmallWood, script = Mesa Pequeña de Madera (Artesano)
WARN : General      f:0 st:34,865,665 at XuiSkin$EntityUiStyle.LoadComponentInfo> Could not find icon: Build_TableSmallWood
WARN : General      f:0 st:34,865,665 at XuiSkin$EntityUiStyle.Load          > Could not find icon: Build_TableSmallWood, script = Mesa Pequeña de Madera (Avanzado)
WARN : General      f:0 st:34,865,665 at XuiSkin$EntityUiStyle.LoadComponentInfo> Could not find icon: Build_TableSmallWood
WARN : General      f:0 st:34,865,666 at XuiSkin$EntityUiStyle.Load          > Could not find icon: Build_TableSmallWood, script = Mesa Pequeña de Madera (Básico)
WARN : General      f:0 st:34,865,666 at XuiSkin$EntityUiStyle.LoadComponentInfo> Could not find icon: Build_TableSmallWood
WARN : General      f:0 st:34,865,666 at XuiSkin$EntityUiStyle.Load          > Could not find icon: Item_CarBatteryCharger, script = Test Kiln
WARN : General      f:0 st:34,865,666 at XuiSkin$EntityUiStyle.LoadComponentInfo> Could not find icon: Item_Note2
WARN : General      f:0 st:34,865,666 at XuiSkin$EntityUiStyle.Load          > Could not find icon: Build_ShortWireGate, script = Portón de Alambre Metálico
WARN : General      f:0 st:34,865,666 at XuiSkin$EntityUiStyle.Load          > Could not find icon: Build_LogSeat, script = Asiento de Troncos
WARN : General      f:0 st:34,865,667 at XuiSkin$EntityUiStyle.Load          > Could not find icon: Item_PropaneTank, script = Steam Boiler
WARN : General      f:0 st:34,865,667 at XuiSkin$EntityUiStyle.Load          > Could not find icon: Build_TroughWoodLong, script = Comedero Largo de Madera
WARN : General      f:0 st:34,865,667 at XuiSkin$EntityUiStyle.Load          > Could not find icon: Build_MetalworkTable, script = Metalwork Table
WARN : General      f:0 st:34,865,667 at XuiSkin$EntityUiStyle.LoadComponentInfo> Could not find icon: Build_MetalworkTable
WARN : General      f:0 st:34,865,756 at TaggedObjectManager.createTagBits   > manager-> new tag discovered that was not preprocessed, tag: keyduplicator
WARN : General      f:0 st:34,865,758 at TaggedObjectManager.createTagBits   > manager-> new tag discovered that was not preprocessed, tag: choppingblock
WARN : Script       f:0 st:34,865,802 at ModelScript.check                   > no such model "null" for Base.BareHands
WARN : Script       f:0 st:34,865,816 at ModelScript.ScriptsLoaded           > different number of attachments on Cucumber and CucumberRotten
WARN : Script       f:0 st:34,865,817 at ModelScript.check                   > no such model "Base.null" for Base.NecklaceLong_SilverSapphire
WARN : Script       f:0 st:34,865,826 at ModelScript.ScriptsLoaded           > different number of attachments on FrenchFries_Hand and FrenchFries_HandBurnt
WARN : Script       f:0 st:34,865,827 at ModelScript.ScriptsLoaded           > different number of attachments on FrenchFries_Hand and FrenchFries_HandRotten
ERROR: General      f:0 st:34,866,991> DebugFileWatcher.registerDir> Exception thrown
	java.nio.file.NoSuchFileException: C:\pz-data\mods at WindowsException.translateToIOException(null:-1).
	Stack trace:
		java.base/sun.nio.fs.WindowsException.translateToIOException(Unknown Source)
		java.base/sun.nio.fs.WindowsException.asIOException(Unknown Source)
		java.base/sun.nio.fs.WindowsWatchService$Poller.implRegister(Unknown Source)
		java.base/sun.nio.fs.AbstractPoller.processRequests(Unknown Source)
		java.base/sun.nio.fs.WindowsWatchService$Poller.run(Unknown Source)
		java.base/java.lang.Thread.run(Unknown Source)
		java.base/jdk.internal.misc.InnocuousThread.run(Unknown Source)
LOG  : General      f:0 st:34,867,818> LOADING ASSETS: START
LOG  : General      f:0 st:34,885,512> LOADING ASSETS: FINISH
WARN : Lua          f:0 st:34,892,032 at Lua(Vanilla).corpseStorageCheck     > require("ISUI/ISInventoryPaneContextMenu") failed
WARN : Lua          f:0 st:34,892,033 at Lua(Vanilla).corpseStorageCheck     > require("ISUI/ISVehicleMenu") failed
WARN : Lua          f:0 st:34,892,033 at Lua(Vanilla).corpseStorageCheck     > require("ISUI/ISContextMenu") failed
WARN : Lua          f:0 st:34,892,080 at Lua(Vanilla).ISCampingMenu          > require("Camping/CCampfireSystem") failed
WARN : Lua          f:0 st:34,893,025 at Lua(Vanilla).ISInventoryTransferUtil> require("TimedActions/ISInventoryTransferAction") failed
WARN : Lua          f:0 st:34,893,029 at Lua(Vanilla).ISInventoryTransferUtil> require("ISUI/PlayerData/ISPlayerData") failed
ERROR: Sound        f:0 st:34,895,533 at BrokenFences.addBrokenTiles         > Missing ThumpSound for breakable object fencing_01_1
ERROR: Sound        f:0 st:34,895,534 at BrokenFences.addBrokenTiles         > Missing ThumpSound for breakable object fencing_01_2
ERROR: Sound        f:0 st:34,895,534 at BrokenFences.addBrokenTiles         > Missing ThumpSound for breakable object fencing_01_3
ERROR: Sound        f:0 st:34,895,534 at BrokenFences.addBrokenTiles         > Missing ThumpSound for breakable object fencing_01_5
ERROR: Sound        f:0 st:34,895,534 at BrokenFences.addBrokenTiles         > Missing ThumpSound for breakable object fencing_01_4
ERROR: Sound        f:0 st:34,895,535 at BrokenFences.addBrokenTiles         > Missing ThumpSound for breakable object fencing_01_6
ERROR: Sound        f:0 st:34,895,535 at BrokenFences.addBrokenTiles         > Missing ThumpSound for breakable object fencing_01_24
ERROR: Sound        f:0 st:34,895,535 at BrokenFences.addBrokenTiles         > Missing ThumpSound for breakable object fencing_01_25
ERROR: Sound        f:0 st:34,895,535 at BrokenFences.addBrokenTiles         > Missing ThumpSound for breakable object fencing_01_26
ERROR: Sound        f:0 st:34,895,536 at BrokenFences.addBrokenTiles         > Missing ThumpSound for breakable object fencing_01_27
ERROR: Sound        f:0 st:34,895,536 at BrokenFences.addBrokenTiles         > Missing ThumpSound for breakable object fencing_01_28
ERROR: Sound        f:0 st:34,895,536 at BrokenFences.addBrokenTiles         > Missing ThumpSound for breakable object carpentry_02_41
ERROR: Sound        f:0 st:34,895,536 at BrokenFences.addBrokenTiles         > Missing ThumpSound for breakable object carpentry_02_40
ERROR: Sound        f:0 st:34,895,536 at BrokenFences.addBrokenTiles         > Missing ThumpSound for breakable object carpentry_02_45
ERROR: Sound        f:0 st:34,895,537 at BrokenFences.addBrokenTiles         > Missing ThumpSound for breakable object carpentry_02_44
ERROR: Sound        f:0 st:34,895,537 at BrokenFences.addBrokenTiles         > Missing ThumpSound for breakable object carpentry_02_49
ERROR: Sound        f:0 st:34,895,537 at BrokenFences.addBrokenTiles         > Missing ThumpSound for breakable object carpentry_02_48
ERROR: Sound        f:0 st:34,895,537 at BrokenFences.addBrokenTiles         > Missing ThumpSound for breakable object fencing_01_32
ERROR: Sound        f:0 st:34,895,537 at BrokenFences.addBrokenTiles         > Missing ThumpSound for breakable object fencing_01_33
ERROR: Sound        f:0 st:34,895,537 at BrokenFences.addBrokenTiles         > Missing ThumpSound for breakable object fencing_01_34
ERROR: Sound        f:0 st:34,895,538 at BrokenFences.addBrokenTiles         > Missing ThumpSound for breakable object fencing_01_35
ERROR: Sound        f:0 st:34,895,538 at BrokenFences.addBrokenTiles         > Missing ThumpSound for breakable object fencing_01_36
ERROR: Sound        f:0 st:34,895,538 at BrokenFences.addBrokenTiles         > Missing ThumpSound for breakable object fencing_01_41
ERROR: Sound        f:0 st:34,895,538 at BrokenFences.addBrokenTiles         > Missing ThumpSound for breakable object fencing_01_40
ERROR: Sound        f:0 st:34,895,538 at BrokenFences.addBrokenTiles         > Missing ThumpSound for breakable object fencing_01_42
ERROR: Sound        f:0 st:34,895,539 at BrokenFences.addBrokenTiles         > Missing ThumpSound for breakable object fencing_01_56
ERROR: Sound        f:0 st:34,895,539 at BrokenFences.addBrokenTiles         > Missing ThumpSound for breakable object fencing_01_57
ERROR: Sound        f:0 st:34,895,539 at BrokenFences.addBrokenTiles         > Missing ThumpSound for breakable object fencing_01_58
ERROR: Sound        f:0 st:34,895,539 at BrokenFences.addBrokenTiles         > Missing ThumpSound for breakable object fencing_01_59
ERROR: Sound        f:0 st:34,895,539 at BrokenFences.addBrokenTiles         > Missing ThumpSound for breakable object fencing_01_60
ERROR: Sound        f:0 st:34,895,540 at BrokenFences.addBrokenTiles         > Missing ThumpSound for breakable object fencing_01_64
ERROR: Sound        f:0 st:34,895,540 at BrokenFences.addBrokenTiles         > Missing ThumpSound for breakable object fencing_01_65
ERROR: Sound        f:0 st:34,895,540 at BrokenFences.addBrokenTiles         > Missing ThumpSound for breakable object fencing_01_66
ERROR: Sound        f:0 st:34,895,540 at BrokenFences.addBrokenTiles         > Missing ThumpSound for breakable object fencing_01_67
ERROR: Sound        f:0 st:34,895,540 at BrokenFences.addBrokenTiles         > Missing ThumpSound for breakable object fencing_01_68
ERROR: Sound        f:0 st:34,895,541 at BrokenFences.addBrokenTiles         > Missing ThumpSound for breakable object fencing_01_73
ERROR: Sound        f:0 st:34,895,541 at BrokenFences.addBrokenTiles         > Missing ThumpSound for breakable object fencing_01_72
ERROR: Sound        f:0 st:34,895,541 at BrokenFences.addBrokenTiles         > Missing ThumpSound for breakable object fencing_01_75
ERROR: Sound        f:0 st:34,895,541 at BrokenFences.addBrokenTiles         > Missing ThumpSound for breakable object fencing_01_8
ERROR: Sound        f:0 st:34,895,541 at BrokenFences.addBrokenTiles         > Missing ThumpSound for breakable object fencing_01_9
ERROR: Sound        f:0 st:34,895,542 at BrokenFences.addBrokenTiles         > Missing ThumpSound for breakable object fencing_01_10
ERROR: Sound        f:0 st:34,895,542 at BrokenFences.addBrokenTiles         > Missing ThumpSound for breakable object fencing_01_11
LOG  : Lua          f:0 st:34,895,836> Initializing Randomized World Tabletop Clutter Tables
WARN : Lua          f:0 st:34,895,924 at Lua(Vanilla).Features               > recursive require(): C:/Program Files (x86)/Steam/steamapps/common/ProjectZomboid/media/lua/server/WorldGen/WorldGen.lua
WARN : Lua          f:0 st:34,896,029 at Lua(Vanilla).Biomes                 > recursive require(): C:/Program Files (x86)/Steam/steamapps/common/ProjectZomboid/media/lua/server/WorldGen/WorldGen.lua
WARN : Lua          f:0 st:34,896,075 at Lua(Vanilla).Selection              > recursive require(): C:/Program Files (x86)/Steam/steamapps/common/ProjectZomboid/media/lua/server/WorldGen/WorldGen.lua
WARN : Lua          f:0 st:34,896,077 at Lua(Vanilla).Veins                  > recursive require(): C:/Program Files (x86)/Steam/steamapps/common/ProjectZomboid/media/lua/server/WorldGen/WorldGen.lua
WARN : Lua          f:0 st:34,896,078 at Lua(Vanilla).Roads                  > recursive require(): C:/Program Files (x86)/Steam/steamapps/common/ProjectZomboid/media/lua/server/WorldGen/WorldGen.lua
WARN : Lua          f:0 st:34,896,079 at Lua(Vanilla).WorldGen               > recursive require(): C:/Program Files (x86)/Steam/steamapps/common/ProjectZomboid/media/lua/server/WorldGen/attachments/Priorities.lua
LOG  : Lua          f:0 st:34,896,154> luaChecksum: a25d1506b8cb62e6a92d4ecf6dc9ee62
ERROR: General      f:0 st:34,896,162 at CraftRecipeComponentScript.getIconTexture> CraftRecipeComponentScript: Recipe Piano missing UiConfigScript - falling back to SpriteConfigScript first world object face for recipe icon.
LOG  : General      f:0 st:34,896,163> writing C:\pz-data\Server\spike_SandboxVars.lua
LOG  : Network      f:0 st:34,896,286> Loading world...
LOG  : General      f:0 st:34,896,304> Loading worldgen params
LOG  : General      f:0 st:34,896,304> IsoMetaGrid.Create: begin scanning directories
LOG  : General      f:0 st:34,896,310> Looking in these map folders:
LOG  : General      f:0 st:34,896,311> <End of map-folders list>
LOG  : General      f:0 st:34,896,361> IsoMetaGrid.Create: X: [ -250 250 ], Y: [ -250 250 ]
LOG  : General      f:0 st:34,896,361> World seed: cHhvieQdxydmReMu -1294496121
LOG  : General      f:0 st:34,896,362> IsoMetaGrid.Create: finished scanning directories in 0.056 seconds
LOG  : General      f:0 st:34,896,458> IsoMetaGrid.Create: begin loading
LOG  : General      f:0 st:34,896,460> VehiclesDB2.init() start
LOG  : General      f:0 st:34,896,482> VehiclesDB2.init() end
LOG  : General      f:0 st:34,896,482> triggerEvent OnInitWorld
LOG  : General      f:0 st:34,896,482> SandboxOptions.load() start
LOG  : General      f:0 st:34,896,483> SandboxOptions.load() end
LOG  : General      f:0 st:34,896,483> ItemPickerJava.Parse() start
LOG  : General      f:0 st:34,896,963> ItemPickerJava.Parse() end
LOG  : General      f:0 st:34,896,965> LoadTileDefinitions start
ERROR: WorldGen     f:0 st:34,897,328> IsoPropertyType.lookupOrDefaultStr> Exception thrown
	zombie.core.properties.IsoPropertyType$IsoPropertyTypeNotFoundException: Property Name not found: ladderW at IsoPropertyType.lookup(IsoPropertyType.java:272). Message: Property Name not found: ladderW
	Stack trace:
		zombie.core.properties.IsoPropertyType.lookup(IsoPropertyType.java:272)
		zombie.core.properties.IsoPropertyType.lookupOrDefaultStr(IsoPropertyType.java:280)
		zombie.core.TilePropertyAliasMap.register(TilePropertyAliasMap.java:54)
		zombie.core.TilePropertyAliasMap.Generate(TilePropertyAliasMap.java:27)
		zombie.iso.IsoWorld.GenerateTilePropertyLookupTables(IsoWorld.java:1324)
		zombie.iso.IsoWorld.init(IsoWorld.java:2244)
		zombie.network.GameServer.main(GameServer.java:804)
ERROR: WorldGen     f:0 st:34,897,328> IsoPropertyType.lookupOrDefaultStr> Exception thrown
	zombie.core.properties.IsoPropertyType$IsoPropertyTypeNotFoundException: Property Name not found: ladderS at IsoPropertyType.lookup(IsoPropertyType.java:272). Message: Property Name not found: ladderS
	Stack trace:
		zombie.core.properties.IsoPropertyType.lookup(IsoPropertyType.java:272)
		zombie.core.properties.IsoPropertyType.lookupOrDefaultStr(IsoPropertyType.java:280)
		zombie.core.TilePropertyAliasMap.register(TilePropertyAliasMap.java:54)
		zombie.core.TilePropertyAliasMap.Generate(TilePropertyAliasMap.java:27)
		zombie.iso.IsoWorld.GenerateTilePropertyLookupTables(IsoWorld.java:1324)
		zombie.iso.IsoWorld.init(IsoWorld.java:2244)
		zombie.network.GameServer.main(GameServer.java:804)
ERROR: WorldGen     f:0 st:34,897,329> IsoPropertyType.lookupOrDefaultStr> Exception thrown
	zombie.core.properties.IsoPropertyType$IsoPropertyTypeNotFoundException: Property Name not found: ladderE at IsoPropertyType.lookup(IsoPropertyType.java:272). Message: Property Name not found: ladderE
	Stack trace:
		zombie.core.properties.IsoPropertyType.lookup(IsoPropertyType.java:272)
		zombie.core.properties.IsoPropertyType.lookupOrDefaultStr(IsoPropertyType.java:280)
		zombie.core.TilePropertyAliasMap.register(TilePropertyAliasMap.java:54)
		zombie.core.TilePropertyAliasMap.Generate(TilePropertyAliasMap.java:27)
		zombie.iso.IsoWorld.GenerateTilePropertyLookupTables(IsoWorld.java:1324)
		zombie.iso.IsoWorld.init(IsoWorld.java:2244)
		zombie.network.GameServer.main(GameServer.java:804)
ERROR: WorldGen     f:0 st:34,897,329> IsoPropertyType.lookupOrDefaultStr> Exception thrown
	zombie.core.properties.IsoPropertyType$IsoPropertyTypeNotFoundException: Property Name not found: ladderN at IsoPropertyType.lookup(IsoPropertyType.java:272). Message: Property Name not found: ladderN
	Stack trace:
		zombie.core.properties.IsoPropertyType.lookup(IsoPropertyType.java:272)
		zombie.core.properties.IsoPropertyType.lookupOrDefaultStr(IsoPropertyType.java:280)
		zombie.core.TilePropertyAliasMap.register(TilePropertyAliasMap.java:54)
		zombie.core.TilePropertyAliasMap.Generate(TilePropertyAliasMap.java:27)
		zombie.iso.IsoWorld.GenerateTilePropertyLookupTables(IsoWorld.java:1324)
		zombie.iso.IsoWorld.init(IsoWorld.java:2244)
		zombie.network.GameServer.main(GameServer.java:804)
ERROR: WorldGen     f:0 st:34,897,332> IsoPropertyType.lookupOrDefaultStr> Exception thrown
	zombie.core.properties.IsoPropertyType$IsoPropertyTypeNotFoundException: Property Name not found: WindowShape at IsoPropertyType.lookup(IsoPropertyType.java:272). Message: Property Name not found: WindowShape
	Stack trace:
		zombie.core.properties.IsoPropertyType.lookup(IsoPropertyType.java:272)
		zombie.core.properties.IsoPropertyType.lookupOrDefaultStr(IsoPropertyType.java:280)
		zombie.core.TilePropertyAliasMap.register(TilePropertyAliasMap.java:54)
		zombie.core.TilePropertyAliasMap.Generate(TilePropertyAliasMap.java:27)
		zombie.iso.IsoWorld.GenerateTilePropertyLookupTables(IsoWorld.java:1324)
		zombie.iso.IsoWorld.init(IsoWorld.java:2244)
		zombie.network.GameServer.main(GameServer.java:804)
WARN : Sprite       f:0 st:34,899,695 at IsoSpriteManager.AddSprite          > duplicate texture d_streetcracks_1_0 ignore ID=1050112, use ID=252928
WARN : Sprite       f:0 st:34,899,696 at IsoSpriteManager.AddSprite          > duplicate texture d_streetcracks_1_1 ignore ID=1050113, use ID=252929
WARN : Sprite       f:0 st:34,899,696 at IsoSpriteManager.AddSprite          > duplicate texture d_streetcracks_1_2 ignore ID=1050114, use ID=252930
WARN : Sprite       f:0 st:34,899,698 at IsoSpriteManager.AddSprite          > duplicate texture d_streetcracks_1_3 ignore ID=1050115, use ID=252931
WARN : Sprite       f:0 st:34,899,701 at IsoSpriteManager.AddSprite          > duplicate texture d_streetcracks_1_4 ignore ID=1050116, use ID=252932
WARN : Sprite       f:0 st:34,899,702 at IsoSpriteManager.AddSprite          > duplicate texture d_streetcracks_1_5 ignore ID=1050117, use ID=252933
WARN : Sprite       f:0 st:34,899,702 at IsoSpriteManager.AddSprite          > duplicate texture d_streetcracks_1_6 ignore ID=1050118, use ID=252934
WARN : Sprite       f:0 st:34,899,703 at IsoSpriteManager.AddSprite          > duplicate texture d_streetcracks_1_7 ignore ID=1050119, use ID=252935
WARN : Sprite       f:0 st:34,899,706 at IsoSpriteManager.AddSprite          > duplicate texture d_streetcracks_1_8 ignore ID=1050120, use ID=252936
WARN : Sprite       f:0 st:34,899,706 at IsoSpriteManager.AddSprite          > duplicate texture d_streetcracks_1_9 ignore ID=1050121, use ID=252937
WARN : Sprite       f:0 st:34,899,707 at IsoSpriteManager.AddSprite          > duplicate texture d_streetcracks_1_10 ignore ID=1050122, use ID=252938
WARN : Sprite       f:0 st:34,899,713 at IsoSpriteManager.AddSprite          > duplicate texture d_streetcracks_1_11 ignore ID=1050123, use ID=252939
WARN : Sprite       f:0 st:34,899,714 at IsoSpriteManager.AddSprite          > duplicate texture d_streetcracks_1_12 ignore ID=1050124, use ID=252940
WARN : Sprite       f:0 st:34,899,714 at IsoSpriteManager.AddSprite          > duplicate texture d_streetcracks_1_13 ignore ID=1050125, use ID=252941
WARN : Sprite       f:0 st:34,899,714 at IsoSpriteManager.AddSprite          > duplicate texture d_streetcracks_1_14 ignore ID=1050126, use ID=252942
WARN : Sprite       f:0 st:34,899,715 at IsoSpriteManager.AddSprite          > duplicate texture d_streetcracks_1_15 ignore ID=1050127, use ID=252943
WARN : Sprite       f:0 st:34,899,715 at IsoSpriteManager.AddSprite          > duplicate texture d_streetcracks_1_16 ignore ID=1050128, use ID=252944
WARN : Sprite       f:0 st:34,899,715 at IsoSpriteManager.AddSprite          > duplicate texture d_streetcracks_1_17 ignore ID=1050129, use ID=252945
WARN : Sprite       f:0 st:34,899,716 at IsoSpriteManager.AddSprite          > duplicate texture d_streetcracks_1_18 ignore ID=1050130, use ID=252946
WARN : Sprite       f:0 st:34,899,716 at IsoSpriteManager.AddSprite          > duplicate texture d_streetcracks_1_19 ignore ID=1050131, use ID=252947
WARN : Sprite       f:0 st:34,899,716 at IsoSpriteManager.AddSprite          > duplicate texture d_streetcracks_1_20 ignore ID=1050132, use ID=252948
WARN : Sprite       f:0 st:34,899,716 at IsoSpriteManager.AddSprite          > duplicate texture d_streetcracks_1_21 ignore ID=1050133, use ID=252949
WARN : Sprite       f:0 st:34,899,720 at IsoSpriteManager.AddSprite          > duplicate texture d_streetcracks_1_22 ignore ID=1050134, use ID=252950
WARN : Sprite       f:0 st:34,899,721 at IsoSpriteManager.AddSprite          > duplicate texture d_streetcracks_1_23 ignore ID=1050135, use ID=252951
WARN : Sprite       f:0 st:34,899,722 at IsoSpriteManager.AddSprite          > duplicate texture d_streetcracks_1_24 ignore ID=1050136, use ID=252952
WARN : Sprite       f:0 st:34,899,722 at IsoSpriteManager.AddSprite          > duplicate texture d_streetcracks_1_25 ignore ID=1050137, use ID=252953
WARN : Sprite       f:0 st:34,899,722 at IsoSpriteManager.AddSprite          > duplicate texture d_streetcracks_1_26 ignore ID=1050138, use ID=252954
WARN : Sprite       f:0 st:34,899,722 at IsoSpriteManager.AddSprite          > duplicate texture d_streetcracks_1_27 ignore ID=1050139, use ID=252955
WARN : Sprite       f:0 st:34,899,723 at IsoSpriteManager.AddSprite          > duplicate texture d_streetcracks_1_28 ignore ID=1050140, use ID=252956
WARN : Sprite       f:0 st:34,899,723 at IsoSpriteManager.AddSprite          > duplicate texture d_streetcracks_1_29 ignore ID=1050141, use ID=252957
WARN : Sprite       f:0 st:34,899,723 at IsoSpriteManager.AddSprite          > duplicate texture d_streetcracks_1_30 ignore ID=1050142, use ID=252958
WARN : Sprite       f:0 st:34,899,723 at IsoSpriteManager.AddSprite          > duplicate texture d_streetcracks_1_31 ignore ID=1050143, use ID=252959
WARN : Sprite       f:0 st:34,899,724 at IsoSpriteManager.AddSprite          > duplicate texture d_streetcracks_1_32 ignore ID=1050144, use ID=252960
WARN : Sprite       f:0 st:34,899,724 at IsoSpriteManager.AddSprite          > duplicate texture d_streetcracks_1_33 ignore ID=1050145, use ID=252961
WARN : Sprite       f:0 st:34,899,725 at IsoSpriteManager.AddSprite          > duplicate texture d_streetcracks_1_34 ignore ID=1050146, use ID=252962
WARN : Sprite       f:0 st:34,899,726 at IsoSpriteManager.AddSprite          > duplicate texture d_streetcracks_1_35 ignore ID=1050147, use ID=252963
WARN : Sprite       f:0 st:34,899,726 at IsoSpriteManager.AddSprite          > duplicate texture d_streetcracks_1_36 ignore ID=1050148, use ID=252964
WARN : Sprite       f:0 st:34,899,726 at IsoSpriteManager.AddSprite          > duplicate texture d_streetcracks_1_37 ignore ID=1050149, use ID=252965
WARN : Sprite       f:0 st:34,899,727 at IsoSpriteManager.AddSprite          > duplicate texture d_streetcracks_1_38 ignore ID=1050150, use ID=252966
WARN : Sprite       f:0 st:34,899,727 at IsoSpriteManager.AddSprite          > duplicate texture d_streetcracks_1_39 ignore ID=1050151, use ID=252967
WARN : Sprite       f:0 st:34,899,727 at IsoSpriteManager.AddSprite          > duplicate texture d_streetcracks_1_40 ignore ID=1050152, use ID=252968
WARN : Sprite       f:0 st:34,899,728 at IsoSpriteManager.AddSprite          > duplicate texture d_streetcracks_1_41 ignore ID=1050153, use ID=252969
WARN : Sprite       f:0 st:34,899,729 at IsoSpriteManager.AddSprite          > duplicate texture d_streetcracks_1_42 ignore ID=1050154, use ID=252970
WARN : Sprite       f:0 st:34,899,729 at IsoSpriteManager.AddSprite          > duplicate texture d_streetcracks_1_43 ignore ID=1050155, use ID=252971
WARN : Sprite       f:0 st:34,899,730 at IsoSpriteManager.AddSprite          > duplicate texture d_streetcracks_1_44 ignore ID=1050156, use ID=252972
WARN : Sprite       f:0 st:34,899,730 at IsoSpriteManager.AddSprite          > duplicate texture d_streetcracks_1_45 ignore ID=1050157, use ID=252973
WARN : Sprite       f:0 st:34,899,730 at IsoSpriteManager.AddSprite          > duplicate texture d_streetcracks_1_46 ignore ID=1050158, use ID=252974
WARN : Sprite       f:0 st:34,899,730 at IsoSpriteManager.AddSprite          > duplicate texture d_streetcracks_1_47 ignore ID=1050159, use ID=252975
WARN : Sprite       f:0 st:34,899,731 at IsoSpriteManager.AddSprite          > duplicate texture d_streetcracks_1_48 ignore ID=1050160, use ID=252976
WARN : Sprite       f:0 st:34,899,731 at IsoSpriteManager.AddSprite          > duplicate texture d_streetcracks_1_49 ignore ID=1050161, use ID=252977
WARN : Sprite       f:0 st:34,899,731 at IsoSpriteManager.AddSprite          > duplicate texture d_streetcracks_1_50 ignore ID=1050162, use ID=252978
WARN : Sprite       f:0 st:34,899,731 at IsoSpriteManager.AddSprite          > duplicate texture d_streetcracks_1_51 ignore ID=1050163, use ID=252979
WARN : Sprite       f:0 st:34,899,731 at IsoSpriteManager.AddSprite          > duplicate texture d_streetcracks_1_52 ignore ID=1050164, use ID=252980
WARN : Sprite       f:0 st:34,899,733 at IsoSpriteManager.AddSprite          > duplicate texture d_streetcracks_1_53 ignore ID=1050165, use ID=252981
WARN : Sprite       f:0 st:34,899,733 at IsoSpriteManager.AddSprite          > duplicate texture d_streetcracks_1_54 ignore ID=1050166, use ID=252982
WARN : Sprite       f:0 st:34,899,733 at IsoSpriteManager.AddSprite          > duplicate texture d_streetcracks_1_55 ignore ID=1050167, use ID=252983
WARN : Sprite       f:0 st:34,899,734 at IsoSpriteManager.AddSprite          > duplicate texture d_streetcracks_1_56 ignore ID=1050168, use ID=252984
WARN : Sprite       f:0 st:34,899,734 at IsoSpriteManager.AddSprite          > duplicate texture d_streetcracks_1_57 ignore ID=1050169, use ID=252985
WARN : Sprite       f:0 st:34,899,736 at IsoSpriteManager.AddSprite          > duplicate texture d_streetcracks_1_58 ignore ID=1050170, use ID=252986
WARN : Sprite       f:0 st:34,899,737 at IsoSpriteManager.AddSprite          > duplicate texture d_streetcracks_1_59 ignore ID=1050171, use ID=252987
WARN : Sprite       f:0 st:34,899,739 at IsoSpriteManager.AddSprite          > duplicate texture d_streetcracks_1_60 ignore ID=1050172, use ID=252988
WARN : Sprite       f:0 st:34,899,739 at IsoSpriteManager.AddSprite          > duplicate texture d_streetcracks_1_61 ignore ID=1050173, use ID=252989
WARN : Sprite       f:0 st:34,899,740 at IsoSpriteManager.AddSprite          > duplicate texture d_streetcracks_1_62 ignore ID=1050174, use ID=252990
WARN : Sprite       f:0 st:34,899,740 at IsoSpriteManager.AddSprite          > duplicate texture d_streetcracks_1_63 ignore ID=1050175, use ID=252991
WARN : Sprite       f:0 st:34,899,741 at IsoSpriteManager.AddSprite          > duplicate texture d_streetcracks_1_64 ignore ID=1050176, use ID=252992
WARN : Sprite       f:0 st:34,899,741 at IsoSpriteManager.AddSprite          > duplicate texture d_streetcracks_1_65 ignore ID=1050177, use ID=252993
WARN : Sprite       f:0 st:34,899,741 at IsoSpriteManager.AddSprite          > duplicate texture d_streetcracks_1_66 ignore ID=1050178, use ID=252994
WARN : Sprite       f:0 st:34,899,741 at IsoSpriteManager.AddSprite          > duplicate texture d_streetcracks_1_67 ignore ID=1050179, use ID=252995
WARN : Sprite       f:0 st:34,899,742 at IsoSpriteManager.AddSprite          > duplicate texture d_streetcracks_1_68 ignore ID=1050180, use ID=252996
WARN : Sprite       f:0 st:34,899,742 at IsoSpriteManager.AddSprite          > duplicate texture d_streetcracks_1_69 ignore ID=1050181, use ID=252997
WARN : Sprite       f:0 st:34,899,742 at IsoSpriteManager.AddSprite          > duplicate texture d_streetcracks_1_70 ignore ID=1050182, use ID=252998
WARN : Sprite       f:0 st:34,899,742 at IsoSpriteManager.AddSprite          > duplicate texture d_streetcracks_1_71 ignore ID=1050183, use ID=252999
WARN : Sprite       f:0 st:34,899,743 at IsoSpriteManager.AddSprite          > duplicate texture d_streetcracks_1_72 ignore ID=1050184, use ID=253000
WARN : Sprite       f:0 st:34,899,743 at IsoSpriteManager.AddSprite          > duplicate texture d_streetcracks_1_73 ignore ID=1050185, use ID=253001
WARN : Sprite       f:0 st:34,899,743 at IsoSpriteManager.AddSprite          > duplicate texture d_streetcracks_1_74 ignore ID=1050186, use ID=253002
WARN : Sprite       f:0 st:34,899,744 at IsoSpriteManager.AddSprite          > duplicate texture d_streetcracks_1_75 ignore ID=1050187, use ID=253003
WARN : Sprite       f:0 st:34,899,744 at IsoSpriteManager.AddSprite          > duplicate texture d_streetcracks_1_76 ignore ID=1050188, use ID=253004
WARN : Sprite       f:0 st:34,899,745 at IsoSpriteManager.AddSprite          > duplicate texture d_streetcracks_1_77 ignore ID=1050189, use ID=253005
WARN : Sprite       f:0 st:34,899,745 at IsoSpriteManager.AddSprite          > duplicate texture d_streetcracks_1_78 ignore ID=1050190, use ID=253006
WARN : Sprite       f:0 st:34,899,746 at IsoSpriteManager.AddSprite          > duplicate texture d_streetcracks_1_79 ignore ID=1050191, use ID=253007
WARN : Sprite       f:0 st:34,899,746 at IsoSpriteManager.AddSprite          > duplicate texture d_streetcracks_1_80 ignore ID=1050192, use ID=253008
WARN : Sprite       f:0 st:34,899,746 at IsoSpriteManager.AddSprite          > duplicate texture d_streetcracks_1_81 ignore ID=1050193, use ID=253009
WARN : Sprite       f:0 st:34,899,747 at IsoSpriteManager.AddSprite          > duplicate texture d_streetcracks_1_82 ignore ID=1050194, use ID=253010
WARN : Sprite       f:0 st:34,899,747 at IsoSpriteManager.AddSprite          > duplicate texture d_streetcracks_1_83 ignore ID=1050195, use ID=253011
WARN : Sprite       f:0 st:34,899,747 at IsoSpriteManager.AddSprite          > duplicate texture d_streetcracks_1_84 ignore ID=1050196, use ID=253012
WARN : Sprite       f:0 st:34,899,747 at IsoSpriteManager.AddSprite          > duplicate texture d_streetcracks_1_85 ignore ID=1050197, use ID=253013
WARN : Sprite       f:0 st:34,899,747 at IsoSpriteManager.AddSprite          > duplicate texture d_streetcracks_1_86 ignore ID=1050198, use ID=253014
WARN : Sprite       f:0 st:34,899,748 at IsoSpriteManager.AddSprite          > duplicate texture d_streetcracks_1_87 ignore ID=1050199, use ID=253015
WARN : Sprite       f:0 st:34,899,748 at IsoSpriteManager.AddSprite          > duplicate texture d_streetcracks_1_88 ignore ID=1050200, use ID=253016
WARN : Sprite       f:0 st:34,899,751 at IsoSpriteManager.AddSprite          > duplicate texture d_streetcracks_1_89 ignore ID=1050201, use ID=253017
WARN : Sprite       f:0 st:34,899,752 at IsoSpriteManager.AddSprite          > duplicate texture d_streetcracks_1_90 ignore ID=1050202, use ID=253018
WARN : Sprite       f:0 st:34,899,752 at IsoSpriteManager.AddSprite          > duplicate texture d_streetcracks_1_91 ignore ID=1050203, use ID=253019
WARN : Sprite       f:0 st:34,899,752 at IsoSpriteManager.AddSprite          > duplicate texture d_streetcracks_1_92 ignore ID=1050204, use ID=253020
WARN : Sprite       f:0 st:34,899,752 at IsoSpriteManager.AddSprite          > duplicate texture d_streetcracks_1_93 ignore ID=1050205, use ID=253021
WARN : Sprite       f:0 st:34,899,753 at IsoSpriteManager.AddSprite          > duplicate texture d_streetcracks_1_94 ignore ID=1050206, use ID=253022
WARN : Sprite       f:0 st:34,899,758 at IsoSpriteManager.AddSprite          > duplicate texture d_streetcracks_1_95 ignore ID=1050207, use ID=253023
WARN : Sprite       f:0 st:34,899,758 at IsoSpriteManager.AddSprite          > duplicate texture d_streetcracks_1_96 ignore ID=1050208, use ID=253024
WARN : Sprite       f:0 st:34,899,758 at IsoSpriteManager.AddSprite          > duplicate texture d_streetcracks_1_97 ignore ID=1050209, use ID=253025
WARN : Sprite       f:0 st:34,899,758 at IsoSpriteManager.AddSprite          > duplicate texture d_streetcracks_1_98 ignore ID=1050210, use ID=253026
WARN : Sprite       f:0 st:34,899,759 at IsoSpriteManager.AddSprite          > duplicate texture d_streetcracks_1_99 ignore ID=1050211, use ID=253027
WARN : Sprite       f:0 st:34,899,759 at IsoSpriteManager.AddSprite          > duplicate texture d_streetcracks_1_100 ignore ID=1050212, use ID=253028
WARN : Sprite       f:0 st:34,899,760 at IsoSpriteManager.AddSprite          > duplicate texture d_streetcracks_1_101 ignore ID=1050213, use ID=253029
WARN : Sprite       f:0 st:34,899,760 at IsoSpriteManager.AddSprite          > duplicate texture d_streetcracks_1_102 ignore ID=1050214, use ID=253030
WARN : Sprite       f:0 st:34,899,760 at IsoSpriteManager.AddSprite          > duplicate texture d_streetcracks_1_103 ignore ID=1050215, use ID=253031
WARN : Sprite       f:0 st:34,899,761 at IsoSpriteManager.AddSprite          > duplicate texture d_streetcracks_1_104 ignore ID=1050216, use ID=253032
WARN : Sprite       f:0 st:34,899,761 at IsoSpriteManager.AddSprite          > duplicate texture d_streetcracks_1_105 ignore ID=1050217, use ID=253033
WARN : Sprite       f:0 st:34,899,761 at IsoSpriteManager.AddSprite          > duplicate texture d_streetcracks_1_106 ignore ID=1050218, use ID=253034
WARN : Sprite       f:0 st:34,899,762 at IsoSpriteManager.AddSprite          > duplicate texture d_streetcracks_1_107 ignore ID=1050219, use ID=253035
WARN : Sprite       f:0 st:34,899,762 at IsoSpriteManager.AddSprite          > duplicate texture d_streetcracks_1_108 ignore ID=1050220, use ID=253036
WARN : Sprite       f:0 st:34,899,764 at IsoSpriteManager.AddSprite          > duplicate texture d_streetcracks_1_109 ignore ID=1050221, use ID=253037
WARN : Sprite       f:0 st:34,899,765 at IsoSpriteManager.AddSprite          > duplicate texture d_streetcracks_1_110 ignore ID=1050222, use ID=253038
WARN : Sprite       f:0 st:34,899,767 at IsoSpriteManager.AddSprite          > duplicate texture d_streetcracks_1_111 ignore ID=1050223, use ID=253039
WARN : Sprite       f:0 st:34,899,767 at IsoSpriteManager.AddSprite          > duplicate texture d_streetcracks_1_112 ignore ID=1050224, use ID=253040
WARN : Sprite       f:0 st:34,899,768 at IsoSpriteManager.AddSprite          > duplicate texture d_streetcracks_1_113 ignore ID=1050225, use ID=253041
WARN : Sprite       f:0 st:34,899,768 at IsoSpriteManager.AddSprite          > duplicate texture d_streetcracks_1_114 ignore ID=1050226, use ID=253042
WARN : Sprite       f:0 st:34,899,768 at IsoSpriteManager.AddSprite          > duplicate texture d_streetcracks_1_115 ignore ID=1050227, use ID=253043
WARN : Sprite       f:0 st:34,899,768 at IsoSpriteManager.AddSprite          > duplicate texture d_streetcracks_1_116 ignore ID=1050228, use ID=253044
WARN : Sprite       f:0 st:34,899,768 at IsoSpriteManager.AddSprite          > duplicate texture d_streetcracks_1_117 ignore ID=1050229, use ID=253045
WARN : Sprite       f:0 st:34,899,773 at IsoSpriteManager.AddSprite          > duplicate texture d_streetcracks_1_118 ignore ID=1050230, use ID=253046
WARN : Sprite       f:0 st:34,899,774 at IsoSpriteManager.AddSprite          > duplicate texture d_streetcracks_1_119 ignore ID=1050231, use ID=253047
WARN : Sprite       f:0 st:34,899,774 at IsoSpriteManager.AddSprite          > duplicate texture d_streetcracks_1_120 ignore ID=1050232, use ID=253048
WARN : Sprite       f:0 st:34,899,774 at IsoSpriteManager.AddSprite          > duplicate texture d_streetcracks_1_121 ignore ID=1050233, use ID=253049
WARN : Sprite       f:0 st:34,899,774 at IsoSpriteManager.AddSprite          > duplicate texture d_streetcracks_1_122 ignore ID=1050234, use ID=253050
WARN : Sprite       f:0 st:34,899,775 at IsoSpriteManager.AddSprite          > duplicate texture d_streetcracks_1_123 ignore ID=1050235, use ID=253051
WARN : Sprite       f:0 st:34,899,775 at IsoSpriteManager.AddSprite          > duplicate texture d_streetcracks_1_124 ignore ID=1050236, use ID=253052
WARN : Sprite       f:0 st:34,899,775 at IsoSpriteManager.AddSprite          > duplicate texture d_streetcracks_1_125 ignore ID=1050237, use ID=253053
WARN : Sprite       f:0 st:34,899,775 at IsoSpriteManager.AddSprite          > duplicate texture d_streetcracks_1_126 ignore ID=1050238, use ID=253054
WARN : Sprite       f:0 st:34,899,775 at IsoSpriteManager.AddSprite          > duplicate texture d_streetcracks_1_127 ignore ID=1050239, use ID=253055
WARN : Sprite       f:0 st:34,899,778 at IsoSpriteManager.AddSprite          > duplicate texture d_wallcracks_1_0 ignore ID=1060864, use ID=254976
WARN : Sprite       f:0 st:34,899,779 at IsoSpriteManager.AddSprite          > duplicate texture d_wallcracks_1_1 ignore ID=1060865, use ID=254977
WARN : Sprite       f:0 st:34,899,779 at IsoSpriteManager.AddSprite          > duplicate texture d_wallcracks_1_2 ignore ID=1060866, use ID=254978
WARN : Sprite       f:0 st:34,899,780 at IsoSpriteManager.AddSprite          > duplicate texture d_wallcracks_1_3 ignore ID=1060867, use ID=254979
WARN : Sprite       f:0 st:34,899,780 at IsoSpriteManager.AddSprite          > duplicate texture d_wallcracks_1_4 ignore ID=1060868, use ID=254980
WARN : Sprite       f:0 st:34,899,780 at IsoSpriteManager.AddSprite          > duplicate texture d_wallcracks_1_5 ignore ID=1060869, use ID=254981
WARN : Sprite       f:0 st:34,899,780 at IsoSpriteManager.AddSprite          > duplicate texture d_wallcracks_1_6 ignore ID=1060870, use ID=254982
WARN : Sprite       f:0 st:34,899,780 at IsoSpriteManager.AddSprite          > duplicate texture d_wallcracks_1_7 ignore ID=1060871, use ID=254983
WARN : Sprite       f:0 st:34,899,781 at IsoSpriteManager.AddSprite          > duplicate texture d_wallcracks_1_8 ignore ID=1060872, use ID=254984
WARN : Sprite       f:0 st:34,899,781 at IsoSpriteManager.AddSprite          > duplicate texture d_wallcracks_1_9 ignore ID=1060873, use ID=254985
WARN : Sprite       f:0 st:34,899,781 at IsoSpriteManager.AddSprite          > duplicate texture d_wallcracks_1_10 ignore ID=1060874, use ID=254986
WARN : Sprite       f:0 st:34,899,781 at IsoSpriteManager.AddSprite          > duplicate texture d_wallcracks_1_11 ignore ID=1060875, use ID=254987
WARN : Sprite       f:0 st:34,899,782 at IsoSpriteManager.AddSprite          > duplicate texture d_wallcracks_1_12 ignore ID=1060876, use ID=254988
WARN : Sprite       f:0 st:34,899,782 at IsoSpriteManager.AddSprite          > duplicate texture d_wallcracks_1_13 ignore ID=1060877, use ID=254989
WARN : Sprite       f:0 st:34,899,782 at IsoSpriteManager.AddSprite          > duplicate texture d_wallcracks_1_14 ignore ID=1060878, use ID=254990
WARN : Sprite       f:0 st:34,899,782 at IsoSpriteManager.AddSprite          > duplicate texture d_wallcracks_1_15 ignore ID=1060879, use ID=254991
WARN : Sprite       f:0 st:34,899,783 at IsoSpriteManager.AddSprite          > duplicate texture d_wallcracks_1_16 ignore ID=1060880, use ID=254992
WARN : Sprite       f:0 st:34,899,783 at IsoSpriteManager.AddSprite          > duplicate texture d_wallcracks_1_17 ignore ID=1060881, use ID=254993
WARN : Sprite       f:0 st:34,899,783 at IsoSpriteManager.AddSprite          > duplicate texture d_wallcracks_1_18 ignore ID=1060882, use ID=254994
WARN : Sprite       f:0 st:34,899,783 at IsoSpriteManager.AddSprite          > duplicate texture d_wallcracks_1_19 ignore ID=1060883, use ID=254995
WARN : Sprite       f:0 st:34,899,784 at IsoSpriteManager.AddSprite          > duplicate texture d_wallcracks_1_20 ignore ID=1060884, use ID=254996
WARN : Sprite       f:0 st:34,899,784 at IsoSpriteManager.AddSprite          > duplicate texture d_wallcracks_1_21 ignore ID=1060885, use ID=254997
WARN : Sprite       f:0 st:34,899,786 at IsoSpriteManager.AddSprite          > duplicate texture d_wallcracks_1_22 ignore ID=1060886, use ID=254998
WARN : Sprite       f:0 st:34,899,787 at IsoSpriteManager.AddSprite          > duplicate texture d_wallcracks_1_23 ignore ID=1060887, use ID=254999
WARN : Sprite       f:0 st:34,899,787 at IsoSpriteManager.AddSprite          > duplicate texture d_wallcracks_1_24 ignore ID=1060888, use ID=255000
WARN : Sprite       f:0 st:34,899,787 at IsoSpriteManager.AddSprite          > duplicate texture d_wallcracks_1_25 ignore ID=1060889, use ID=255001
WARN : Sprite       f:0 st:34,899,787 at IsoSpriteManager.AddSprite          > duplicate texture d_wallcracks_1_26 ignore ID=1060890, use ID=255002
WARN : Sprite       f:0 st:34,899,787 at IsoSpriteManager.AddSprite          > duplicate texture d_wallcracks_1_27 ignore ID=1060891, use ID=255003
WARN : Sprite       f:0 st:34,899,788 at IsoSpriteManager.AddSprite          > duplicate texture d_wallcracks_1_28 ignore ID=1060892, use ID=255004
WARN : Sprite       f:0 st:34,899,788 at IsoSpriteManager.AddSprite          > duplicate texture d_wallcracks_1_29 ignore ID=1060893, use ID=255005
WARN : Sprite       f:0 st:34,899,788 at IsoSpriteManager.AddSprite          > duplicate texture d_wallcracks_1_30 ignore ID=1060894, use ID=255006
WARN : Sprite       f:0 st:34,899,789 at IsoSpriteManager.AddSprite          > duplicate texture d_wallcracks_1_31 ignore ID=1060895, use ID=255007
WARN : Sprite       f:0 st:34,899,789 at IsoSpriteManager.AddSprite          > duplicate texture d_wallcracks_1_32 ignore ID=1060896, use ID=255008
WARN : Sprite       f:0 st:34,899,789 at IsoSpriteManager.AddSprite          > duplicate texture d_wallcracks_1_33 ignore ID=1060897, use ID=255009
WARN : Sprite       f:0 st:34,899,789 at IsoSpriteManager.AddSprite          > duplicate texture d_wallcracks_1_34 ignore ID=1060898, use ID=255010
WARN : Sprite       f:0 st:34,899,789 at IsoSpriteManager.AddSprite          > duplicate texture d_wallcracks_1_35 ignore ID=1060899, use ID=255011
WARN : Sprite       f:0 st:34,899,789 at IsoSpriteManager.AddSprite          > duplicate texture d_wallcracks_1_36 ignore ID=1060900, use ID=255012
WARN : Sprite       f:0 st:34,899,790 at IsoSpriteManager.AddSprite          > duplicate texture d_wallcracks_1_37 ignore ID=1060901, use ID=255013
WARN : Sprite       f:0 st:34,899,791 at IsoSpriteManager.AddSprite          > duplicate texture d_wallcracks_1_38 ignore ID=1060902, use ID=255014
WARN : Sprite       f:0 st:34,899,791 at IsoSpriteManager.AddSprite          > duplicate texture d_wallcracks_1_39 ignore ID=1060903, use ID=255015
WARN : Sprite       f:0 st:34,899,792 at IsoSpriteManager.AddSprite          > duplicate texture d_wallcracks_1_40 ignore ID=1060904, use ID=255016
WARN : Sprite       f:0 st:34,899,792 at IsoSpriteManager.AddSprite          > duplicate texture d_wallcracks_1_41 ignore ID=1060905, use ID=255017
WARN : Sprite       f:0 st:34,899,792 at IsoSpriteManager.AddSprite          > duplicate texture d_wallcracks_1_42 ignore ID=1060906, use ID=255018
WARN : Sprite       f:0 st:34,899,792 at IsoSpriteManager.AddSprite          > duplicate texture d_wallcracks_1_43 ignore ID=1060907, use ID=255019
WARN : Sprite       f:0 st:34,899,792 at IsoSpriteManager.AddSprite          > duplicate texture d_wallcracks_1_44 ignore ID=1060908, use ID=255020
WARN : Sprite       f:0 st:34,899,793 at IsoSpriteManager.AddSprite          > duplicate texture d_wallcracks_1_45 ignore ID=1060909, use ID=255021
WARN : Sprite       f:0 st:34,899,793 at IsoSpriteManager.AddSprite          > duplicate texture d_wallcracks_1_46 ignore ID=1060910, use ID=255022
WARN : Sprite       f:0 st:34,899,793 at IsoSpriteManager.AddSprite          > duplicate texture d_wallcracks_1_47 ignore ID=1060911, use ID=255023
WARN : Sprite       f:0 st:34,899,793 at IsoSpriteManager.AddSprite          > duplicate texture d_wallcracks_1_48 ignore ID=1060912, use ID=255024
WARN : Sprite       f:0 st:34,899,793 at IsoSpriteManager.AddSprite          > duplicate texture d_wallcracks_1_49 ignore ID=1060913, use ID=255025
WARN : Sprite       f:0 st:34,899,794 at IsoSpriteManager.AddSprite          > duplicate texture d_wallcracks_1_50 ignore ID=1060914, use ID=255026
WARN : Sprite       f:0 st:34,899,794 at IsoSpriteManager.AddSprite          > duplicate texture d_wallcracks_1_51 ignore ID=1060915, use ID=255027
WARN : Sprite       f:0 st:34,899,794 at IsoSpriteManager.AddSprite          > duplicate texture d_wallcracks_1_52 ignore ID=1060916, use ID=255028
WARN : Sprite       f:0 st:34,899,795 at IsoSpriteManager.AddSprite          > duplicate texture d_wallcracks_1_53 ignore ID=1060917, use ID=255029
WARN : Sprite       f:0 st:34,899,795 at IsoSpriteManager.AddSprite          > duplicate texture d_wallcracks_1_54 ignore ID=1060918, use ID=255030
WARN : Sprite       f:0 st:34,899,795 at IsoSpriteManager.AddSprite          > duplicate texture d_wallcracks_1_55 ignore ID=1060919, use ID=255031
WARN : Sprite       f:0 st:34,899,795 at IsoSpriteManager.AddSprite          > duplicate texture d_wallcracks_1_56 ignore ID=1060920, use ID=255032
WARN : Sprite       f:0 st:34,899,795 at IsoSpriteManager.AddSprite          > duplicate texture d_wallcracks_1_57 ignore ID=1060921, use ID=255033
WARN : Sprite       f:0 st:34,899,796 at IsoSpriteManager.AddSprite          > duplicate texture d_wallcracks_1_58 ignore ID=1060922, use ID=255034
WARN : Sprite       f:0 st:34,899,796 at IsoSpriteManager.AddSprite          > duplicate texture d_wallcracks_1_59 ignore ID=1060923, use ID=255035
WARN : Sprite       f:0 st:34,899,796 at IsoSpriteManager.AddSprite          > duplicate texture d_wallcracks_1_60 ignore ID=1060924, use ID=255036
WARN : Sprite       f:0 st:34,899,796 at IsoSpriteManager.AddSprite          > duplicate texture d_wallcracks_1_61 ignore ID=1060925, use ID=255037
WARN : Sprite       f:0 st:34,899,796 at IsoSpriteManager.AddSprite          > duplicate texture d_wallcracks_1_62 ignore ID=1060926, use ID=255038
WARN : Sprite       f:0 st:34,899,796 at IsoSpriteManager.AddSprite          > duplicate texture d_wallcracks_1_63 ignore ID=1060927, use ID=255039
WARN : Sprite       f:0 st:34,899,797 at IsoSpriteManager.AddSprite          > duplicate texture d_wallcracks_1_64 ignore ID=1060928, use ID=255040
WARN : Sprite       f:0 st:34,899,797 at IsoSpriteManager.AddSprite          > duplicate texture d_wallcracks_1_65 ignore ID=1060929, use ID=255041
WARN : Sprite       f:0 st:34,899,797 at IsoSpriteManager.AddSprite          > duplicate texture d_wallcracks_1_66 ignore ID=1060930, use ID=255042
WARN : Sprite       f:0 st:34,899,797 at IsoSpriteManager.AddSprite          > duplicate texture d_wallcracks_1_67 ignore ID=1060931, use ID=255043
WARN : Sprite       f:0 st:34,899,798 at IsoSpriteManager.AddSprite          > duplicate texture d_wallcracks_1_68 ignore ID=1060932, use ID=255044
WARN : Sprite       f:0 st:34,899,798 at IsoSpriteManager.AddSprite          > duplicate texture d_wallcracks_1_69 ignore ID=1060933, use ID=255045
WARN : Sprite       f:0 st:34,899,798 at IsoSpriteManager.AddSprite          > duplicate texture d_wallcracks_1_70 ignore ID=1060934, use ID=255046
WARN : Sprite       f:0 st:34,899,798 at IsoSpriteManager.AddSprite          > duplicate texture d_wallcracks_1_71 ignore ID=1060935, use ID=255047
WARN : Sprite       f:0 st:34,899,801 at IsoSpriteManager.AddSprite          > duplicate texture e_exterior_snow_1_0 ignore ID=1055232, use ID=454656
WARN : Sprite       f:0 st:34,899,801 at IsoSpriteManager.AddSprite          > duplicate texture e_exterior_snow_1_1 ignore ID=1055233, use ID=454657
WARN : Sprite       f:0 st:34,899,807 at IsoSpriteManager.AddSprite          > duplicate texture e_newgrassbase_snow_1_0 ignore ID=1056768, use ID=455680
WARN : Sprite       f:0 st:34,899,808 at IsoSpriteManager.AddSprite          > duplicate texture e_newgrassbase_snow_1_1 ignore ID=1056769, use ID=455681
WARN : Sprite       f:0 st:34,899,809 at IsoSpriteManager.AddSprite          > duplicate texture e_newgrassbase_snow_1_2 ignore ID=1056770, use ID=455682
WARN : Sprite       f:0 st:34,899,809 at IsoSpriteManager.AddSprite          > duplicate texture e_newgrassbase_snow_1_3 ignore ID=1056771, use ID=455683
WARN : Sprite       f:0 st:34,899,809 at IsoSpriteManager.AddSprite          > duplicate texture e_newgrassbase_snow_1_4 ignore ID=1056772, use ID=455684
WARN : Sprite       f:0 st:34,899,810 at IsoSpriteManager.AddSprite          > duplicate texture e_newgrassbase_snow_1_5 ignore ID=1056773, use ID=455685
WARN : Sprite       f:0 st:34,899,811 at IsoSpriteManager.AddSprite          > duplicate texture e_newgrassbase_snow_1_6 ignore ID=1056774, use ID=455686
WARN : Sprite       f:0 st:34,899,811 at IsoSpriteManager.AddSprite          > duplicate texture e_newgrassbase_snow_1_7 ignore ID=1056775, use ID=455687
WARN : Sprite       f:0 st:34,899,812 at IsoSpriteManager.AddSprite          > duplicate texture e_newgrassbase_snow_1_8 ignore ID=1056776, use ID=455688
WARN : Sprite       f:0 st:34,899,813 at IsoSpriteManager.AddSprite          > duplicate texture e_newgrassbase_snow_1_9 ignore ID=1056777, use ID=455689
WARN : Sprite       f:0 st:34,899,813 at IsoSpriteManager.AddSprite          > duplicate texture e_newgrassbase_snow_1_10 ignore ID=1056778, use ID=455690
WARN : Sprite       f:0 st:34,899,813 at IsoSpriteManager.AddSprite          > duplicate texture e_newgrassbase_snow_1_11 ignore ID=1056779, use ID=455691
WARN : Sprite       f:0 st:34,899,814 at IsoSpriteManager.AddSprite          > duplicate texture e_newgrassbase_snow_1_12 ignore ID=1056780, use ID=455692
WARN : Sprite       f:0 st:34,899,814 at IsoSpriteManager.AddSprite          > duplicate texture e_newgrassbase_snow_1_13 ignore ID=1056781, use ID=455693
WARN : Sprite       f:0 st:34,899,815 at IsoSpriteManager.AddSprite          > duplicate texture e_newgrassbase_snow_1_14 ignore ID=1056782, use ID=455694
WARN : Sprite       f:0 st:34,899,816 at IsoSpriteManager.AddSprite          > duplicate texture e_newgrassbase_snow_1_15 ignore ID=1056783, use ID=455695
WARN : Sprite       f:0 st:34,899,817 at IsoSpriteManager.AddSprite          > duplicate texture e_newgrassbase_snow_1_16 ignore ID=1056784, use ID=455696
WARN : Sprite       f:0 st:34,899,817 at IsoSpriteManager.AddSprite          > duplicate texture e_newgrassbase_snow_1_17 ignore ID=1056785, use ID=455697
WARN : Sprite       f:0 st:34,899,817 at IsoSpriteManager.AddSprite          > duplicate texture e_newgrassbase_snow_1_18 ignore ID=1056786, use ID=455698
WARN : Sprite       f:0 st:34,899,818 at IsoSpriteManager.AddSprite          > duplicate texture e_newgrassbase_snow_1_19 ignore ID=1056787, use ID=455699
WARN : Sprite       f:0 st:34,899,818 at IsoSpriteManager.AddSprite          > duplicate texture e_newgrassbase_snow_1_20 ignore ID=1056788, use ID=455700
WARN : Sprite       f:0 st:34,899,818 at IsoSpriteManager.AddSprite          > duplicate texture e_newgrassbase_snow_1_21 ignore ID=1056789, use ID=455701
WARN : Sprite       f:0 st:34,899,818 at IsoSpriteManager.AddSprite          > duplicate texture e_newgrassbase_snow_1_22 ignore ID=1056790, use ID=455702
WARN : Sprite       f:0 st:34,899,818 at IsoSpriteManager.AddSprite          > duplicate texture e_newgrassbase_snow_1_23 ignore ID=1056791, use ID=455703
WARN : Sprite       f:0 st:34,899,819 at IsoSpriteManager.AddSprite          > duplicate texture e_newgrassbase_snow_1_24 ignore ID=1056792, use ID=455704
WARN : Sprite       f:0 st:34,899,819 at IsoSpriteManager.AddSprite          > duplicate texture e_newgrassbase_snow_1_25 ignore ID=1056793, use ID=455705
WARN : Sprite       f:0 st:34,899,820 at IsoSpriteManager.AddSprite          > duplicate texture e_newgrassbase_snow_1_26 ignore ID=1056794, use ID=455706
WARN : Sprite       f:0 st:34,899,820 at IsoSpriteManager.AddSprite          > duplicate texture e_newgrassbase_snow_1_27 ignore ID=1056795, use ID=455707
WARN : Sprite       f:0 st:34,899,820 at IsoSpriteManager.AddSprite          > duplicate texture e_newgrassbase_snow_1_28 ignore ID=1056796, use ID=455708
WARN : Sprite       f:0 st:34,899,821 at IsoSpriteManager.AddSprite          > duplicate texture e_newgrassbase_snow_1_29 ignore ID=1056797, use ID=455709
WARN : Sprite       f:0 st:34,899,821 at IsoSpriteManager.AddSprite          > duplicate texture e_newgrassbase_snow_1_30 ignore ID=1056798, use ID=455710
WARN : Sprite       f:0 st:34,899,821 at IsoSpriteManager.AddSprite          > duplicate texture e_newgrassbase_snow_1_31 ignore ID=1056799, use ID=455711
WARN : Sprite       f:0 st:34,899,823 at IsoSpriteManager.AddSprite          > duplicate texture e_roof_snow_1_0 ignore ID=1058304, use ID=456704
WARN : Sprite       f:0 st:34,899,823 at IsoSpriteManager.AddSprite          > duplicate texture e_roof_snow_1_1 ignore ID=1058305, use ID=456705
WARN : Sprite       f:0 st:34,899,823 at IsoSpriteManager.AddSprite          > duplicate texture e_roof_snow_1_2 ignore ID=1058306, use ID=456706
WARN : Sprite       f:0 st:34,899,824 at IsoSpriteManager.AddSprite          > duplicate texture e_roof_snow_1_3 ignore ID=1058307, use ID=456707
WARN : Sprite       f:0 st:34,899,824 at IsoSpriteManager.AddSprite          > duplicate texture e_roof_snow_1_4 ignore ID=1058308, use ID=456708
WARN : Sprite       f:0 st:34,899,824 at IsoSpriteManager.AddSprite          > duplicate texture e_roof_snow_1_5 ignore ID=1058309, use ID=456709
WARN : Sprite       f:0 st:34,899,824 at IsoSpriteManager.AddSprite          > duplicate texture e_roof_snow_1_6 ignore ID=1058310, use ID=456710
WARN : Sprite       f:0 st:34,899,824 at IsoSpriteManager.AddSprite          > duplicate texture e_roof_snow_1_7 ignore ID=1058311, use ID=456711
WARN : Sprite       f:0 st:34,899,824 at IsoSpriteManager.AddSprite          > duplicate texture e_roof_snow_1_8 ignore ID=1058312, use ID=456712
WARN : Sprite       f:0 st:34,899,825 at IsoSpriteManager.AddSprite          > duplicate texture e_roof_snow_1_9 ignore ID=1058313, use ID=456713
WARN : Sprite       f:0 st:34,899,825 at IsoSpriteManager.AddSprite          > duplicate texture e_roof_snow_1_10 ignore ID=1058314, use ID=456714
WARN : Sprite       f:0 st:34,899,825 at IsoSpriteManager.AddSprite          > duplicate texture e_roof_snow_1_11 ignore ID=1058315, use ID=456715
WARN : Sprite       f:0 st:34,899,825 at IsoSpriteManager.AddSprite          > duplicate texture e_roof_snow_1_12 ignore ID=1058316, use ID=456716
WARN : Sprite       f:0 st:34,899,826 at IsoSpriteManager.AddSprite          > duplicate texture e_roof_snow_1_13 ignore ID=1058317, use ID=456717
WARN : Sprite       f:0 st:34,899,826 at IsoSpriteManager.AddSprite          > duplicate texture e_roof_snow_1_14 ignore ID=1058318, use ID=456718
WARN : Sprite       f:0 st:34,899,826 at IsoSpriteManager.AddSprite          > duplicate texture e_roof_snow_1_15 ignore ID=1058319, use ID=456719
WARN : Sprite       f:0 st:34,899,826 at IsoSpriteManager.AddSprite          > duplicate texture e_roof_snow_1_16 ignore ID=1058320, use ID=456720
WARN : Sprite       f:0 st:34,899,827 at IsoSpriteManager.AddSprite          > duplicate texture e_roof_snow_1_17 ignore ID=1058321, use ID=456721
WARN : Sprite       f:0 st:34,899,827 at IsoSpriteManager.AddSprite          > duplicate texture e_roof_snow_1_18 ignore ID=1058322, use ID=456722
WARN : Sprite       f:0 st:34,899,827 at IsoSpriteManager.AddSprite          > duplicate texture e_roof_snow_1_19 ignore ID=1058323, use ID=456723
WARN : Sprite       f:0 st:34,899,827 at IsoSpriteManager.AddSprite          > duplicate texture e_roof_snow_1_20 ignore ID=1058324, use ID=456724
WARN : Sprite       f:0 st:34,899,828 at IsoSpriteManager.AddSprite          > duplicate texture e_roof_snow_1_21 ignore ID=1058325, use ID=456725
WARN : Sprite       f:0 st:34,899,828 at IsoSpriteManager.AddSprite          > duplicate texture e_roof_snow_1_22 ignore ID=1058326, use ID=456726
WARN : Sprite       f:0 st:34,899,828 at IsoSpriteManager.AddSprite          > duplicate texture e_roof_snow_1_23 ignore ID=1058327, use ID=456727
WARN : Sprite       f:0 st:34,899,828 at IsoSpriteManager.AddSprite          > duplicate texture e_roof_snow_1_24 ignore ID=1058328, use ID=456728
WARN : Sprite       f:0 st:34,899,829 at IsoSpriteManager.AddSprite          > duplicate texture e_roof_snow_1_25 ignore ID=1058329, use ID=456729
WARN : Sprite       f:0 st:34,899,829 at IsoSpriteManager.AddSprite          > duplicate texture e_roof_snow_1_26 ignore ID=1058330, use ID=456730
WARN : Sprite       f:0 st:34,899,829 at IsoSpriteManager.AddSprite          > duplicate texture e_roof_snow_1_27 ignore ID=1058331, use ID=456731
WARN : Sprite       f:0 st:34,899,829 at IsoSpriteManager.AddSprite          > duplicate texture e_roof_snow_1_28 ignore ID=1058332, use ID=456732
WARN : Sprite       f:0 st:34,899,830 at IsoSpriteManager.AddSprite          > duplicate texture e_roof_snow_1_29 ignore ID=1058333, use ID=456733
WARN : Sprite       f:0 st:34,899,830 at IsoSpriteManager.AddSprite          > duplicate texture e_roof_snow_1_30 ignore ID=1058334, use ID=456734
WARN : Sprite       f:0 st:34,899,830 at IsoSpriteManager.AddSprite          > duplicate texture e_roof_snow_1_31 ignore ID=1058335, use ID=456735
WARN : Sprite       f:0 st:34,899,830 at IsoSpriteManager.AddSprite          > duplicate texture e_roof_snow_1_32 ignore ID=1058336, use ID=456736
WARN : Sprite       f:0 st:34,899,831 at IsoSpriteManager.AddSprite          > duplicate texture e_roof_snow_1_33 ignore ID=1058337, use ID=456737
WARN : Sprite       f:0 st:34,899,831 at IsoSpriteManager.AddSprite          > duplicate texture e_roof_snow_1_34 ignore ID=1058338, use ID=456738
WARN : Sprite       f:0 st:34,899,831 at IsoSpriteManager.AddSprite          > duplicate texture e_roof_snow_1_35 ignore ID=1058339, use ID=456739
WARN : Sprite       f:0 st:34,899,831 at IsoSpriteManager.AddSprite          > duplicate texture e_roof_snow_1_36 ignore ID=1058340, use ID=456740
WARN : Sprite       f:0 st:34,899,832 at IsoSpriteManager.AddSprite          > duplicate texture e_roof_snow_1_37 ignore ID=1058341, use ID=456741
WARN : Sprite       f:0 st:34,899,833 at IsoSpriteManager.AddSprite          > duplicate texture e_roof_snow_1_38 ignore ID=1058342, use ID=456742
WARN : Sprite       f:0 st:34,899,833 at IsoSpriteManager.AddSprite          > duplicate texture e_roof_snow_1_39 ignore ID=1058343, use ID=456743
WARN : Sprite       f:0 st:34,899,833 at IsoSpriteManager.AddSprite          > duplicate texture e_roof_snow_1_40 ignore ID=1058344, use ID=456744
WARN : Sprite       f:0 st:34,899,833 at IsoSpriteManager.AddSprite          > duplicate texture e_roof_snow_1_41 ignore ID=1058345, use ID=456745
WARN : Sprite       f:0 st:34,899,833 at IsoSpriteManager.AddSprite          > duplicate texture e_roof_snow_1_42 ignore ID=1058346, use ID=456746
WARN : Sprite       f:0 st:34,899,834 at IsoSpriteManager.AddSprite          > duplicate texture e_roof_snow_1_43 ignore ID=1058347, use ID=456747
WARN : Sprite       f:0 st:34,899,834 at IsoSpriteManager.AddSprite          > duplicate texture e_roof_snow_1_44 ignore ID=1058348, use ID=456748
WARN : Sprite       f:0 st:34,899,835 at IsoSpriteManager.AddSprite          > duplicate texture e_roof_snow_1_45 ignore ID=1058349, use ID=456749
WARN : Sprite       f:0 st:34,899,835 at IsoSpriteManager.AddSprite          > duplicate texture e_roof_snow_1_46 ignore ID=1058350, use ID=456750
WARN : Sprite       f:0 st:34,899,835 at IsoSpriteManager.AddSprite          > duplicate texture e_roof_snow_1_47 ignore ID=1058351, use ID=456751
WARN : Sprite       f:0 st:34,899,836 at IsoSpriteManager.AddSprite          > duplicate texture e_roof_snow_1_48 ignore ID=1058352, use ID=456752
WARN : Sprite       f:0 st:34,899,837 at IsoSpriteManager.AddSprite          > duplicate texture e_roof_snow_1_49 ignore ID=1058353, use ID=456753
WARN : Sprite       f:0 st:34,899,838 at IsoSpriteManager.AddSprite          > duplicate texture e_roof_snow_1_50 ignore ID=1058354, use ID=456754
WARN : Sprite       f:0 st:34,899,838 at IsoSpriteManager.AddSprite          > duplicate texture e_roof_snow_1_51 ignore ID=1058355, use ID=456755
WARN : Sprite       f:0 st:34,899,838 at IsoSpriteManager.AddSprite          > duplicate texture e_roof_snow_1_52 ignore ID=1058356, use ID=456756
WARN : Sprite       f:0 st:34,899,838 at IsoSpriteManager.AddSprite          > duplicate texture e_roof_snow_1_53 ignore ID=1058357, use ID=456757
WARN : Sprite       f:0 st:34,899,839 at IsoSpriteManager.AddSprite          > duplicate texture e_roof_snow_1_54 ignore ID=1058358, use ID=456758
WARN : Sprite       f:0 st:34,899,839 at IsoSpriteManager.AddSprite          > duplicate texture e_roof_snow_1_55 ignore ID=1058359, use ID=456759
WARN : Sprite       f:0 st:34,899,839 at IsoSpriteManager.AddSprite          > duplicate texture e_roof_snow_1_56 ignore ID=1058360, use ID=456760
WARN : Sprite       f:0 st:34,899,839 at IsoSpriteManager.AddSprite          > duplicate texture e_roof_snow_1_57 ignore ID=1058361, use ID=456761
WARN : Sprite       f:0 st:34,899,839 at IsoSpriteManager.AddSprite          > duplicate texture e_roof_snow_1_58 ignore ID=1058362, use ID=456762
WARN : Sprite       f:0 st:34,899,840 at IsoSpriteManager.AddSprite          > duplicate texture e_roof_snow_1_59 ignore ID=1058363, use ID=456763
WARN : Sprite       f:0 st:34,899,840 at IsoSpriteManager.AddSprite          > duplicate texture e_roof_snow_1_60 ignore ID=1058364, use ID=456764
WARN : Sprite       f:0 st:34,899,840 at IsoSpriteManager.AddSprite          > duplicate texture e_roof_snow_1_61 ignore ID=1058365, use ID=456765
WARN : Sprite       f:0 st:34,899,840 at IsoSpriteManager.AddSprite          > duplicate texture e_roof_snow_1_62 ignore ID=1058366, use ID=456766
WARN : Sprite       f:0 st:34,899,840 at IsoSpriteManager.AddSprite          > duplicate texture e_roof_snow_1_63 ignore ID=1058367, use ID=456767
WARN : Sprite       f:0 st:34,899,840 at IsoSpriteManager.AddSprite          > duplicate texture e_roof_snow_1_64 ignore ID=1058368, use ID=456768
WARN : Sprite       f:0 st:34,899,840 at IsoSpriteManager.AddSprite          > duplicate texture e_roof_snow_1_65 ignore ID=1058369, use ID=456769
WARN : Sprite       f:0 st:34,899,841 at IsoSpriteManager.AddSprite          > duplicate texture e_roof_snow_1_66 ignore ID=1058370, use ID=456770
WARN : Sprite       f:0 st:34,899,841 at IsoSpriteManager.AddSprite          > duplicate texture e_roof_snow_1_67 ignore ID=1058371, use ID=456771
WARN : Sprite       f:0 st:34,899,841 at IsoSpriteManager.AddSprite          > duplicate texture e_roof_snow_1_68 ignore ID=1058372, use ID=456772
WARN : Sprite       f:0 st:34,899,841 at IsoSpriteManager.AddSprite          > duplicate texture e_roof_snow_1_69 ignore ID=1058373, use ID=456773
WARN : Sprite       f:0 st:34,899,841 at IsoSpriteManager.AddSprite          > duplicate texture e_roof_snow_1_70 ignore ID=1058374, use ID=456774
WARN : Sprite       f:0 st:34,899,841 at IsoSpriteManager.AddSprite          > duplicate texture e_roof_snow_1_71 ignore ID=1058375, use ID=456775
WARN : Sprite       f:0 st:34,899,842 at IsoSpriteManager.AddSprite          > duplicate texture e_roof_snow_1_72 ignore ID=1058376, use ID=456776
WARN : Sprite       f:0 st:34,899,842 at IsoSpriteManager.AddSprite          > duplicate texture e_roof_snow_1_73 ignore ID=1058377, use ID=456777
WARN : Sprite       f:0 st:34,899,842 at IsoSpriteManager.AddSprite          > duplicate texture e_roof_snow_1_74 ignore ID=1058378, use ID=456778
WARN : Sprite       f:0 st:34,899,842 at IsoSpriteManager.AddSprite          > duplicate texture e_roof_snow_1_75 ignore ID=1058379, use ID=456779
WARN : Sprite       f:0 st:34,899,842 at IsoSpriteManager.AddSprite          > duplicate texture e_roof_snow_1_76 ignore ID=1058380, use ID=456780
WARN : Sprite       f:0 st:34,899,842 at IsoSpriteManager.AddSprite          > duplicate texture e_roof_snow_1_77 ignore ID=1058381, use ID=456781
WARN : Sprite       f:0 st:34,899,843 at IsoSpriteManager.AddSprite          > duplicate texture e_roof_snow_1_78 ignore ID=1058382, use ID=456782
WARN : Sprite       f:0 st:34,899,843 at IsoSpriteManager.AddSprite          > duplicate texture e_roof_snow_1_79 ignore ID=1058383, use ID=456783
WARN : Sprite       f:0 st:34,899,843 at IsoSpriteManager.AddSprite          > duplicate texture e_roof_snow_1_80 ignore ID=1058384, use ID=456784
WARN : Sprite       f:0 st:34,899,843 at IsoSpriteManager.AddSprite          > duplicate texture e_roof_snow_1_81 ignore ID=1058385, use ID=456785
WARN : Sprite       f:0 st:34,899,843 at IsoSpriteManager.AddSprite          > duplicate texture e_roof_snow_1_82 ignore ID=1058386, use ID=456786
WARN : Sprite       f:0 st:34,899,843 at IsoSpriteManager.AddSprite          > duplicate texture e_roof_snow_1_83 ignore ID=1058387, use ID=456787
WARN : Sprite       f:0 st:34,899,844 at IsoSpriteManager.AddSprite          > duplicate texture e_roof_snow_1_84 ignore ID=1058388, use ID=456788
WARN : Sprite       f:0 st:34,899,844 at IsoSpriteManager.AddSprite          > duplicate texture e_roof_snow_1_85 ignore ID=1058389, use ID=456789
WARN : Sprite       f:0 st:34,899,844 at IsoSpriteManager.AddSprite          > duplicate texture e_roof_snow_1_86 ignore ID=1058390, use ID=456790
WARN : Sprite       f:0 st:34,899,844 at IsoSpriteManager.AddSprite          > duplicate texture e_roof_snow_1_87 ignore ID=1058391, use ID=456791
WARN : Sprite       f:0 st:34,899,844 at IsoSpriteManager.AddSprite          > duplicate texture e_roof_snow_1_88 ignore ID=1058392, use ID=456792
WARN : Sprite       f:0 st:34,899,844 at IsoSpriteManager.AddSprite          > duplicate texture e_roof_snow_1_89 ignore ID=1058393, use ID=456793
WARN : Sprite       f:0 st:34,899,845 at IsoSpriteManager.AddSprite          > duplicate texture e_roof_snow_1_90 ignore ID=1058394, use ID=456794
WARN : Sprite       f:0 st:34,899,845 at IsoSpriteManager.AddSprite          > duplicate texture e_roof_snow_1_91 ignore ID=1058395, use ID=456795
WARN : Sprite       f:0 st:34,899,845 at IsoSpriteManager.AddSprite          > duplicate texture e_roof_snow_1_92 ignore ID=1058396, use ID=456796
WARN : Sprite       f:0 st:34,899,845 at IsoSpriteManager.AddSprite          > duplicate texture e_roof_snow_1_93 ignore ID=1058397, use ID=456797
WARN : Sprite       f:0 st:34,899,845 at IsoSpriteManager.AddSprite          > duplicate texture e_roof_snow_1_94 ignore ID=1058398, use ID=456798
WARN : Sprite       f:0 st:34,899,846 at IsoSpriteManager.AddSprite          > duplicate texture e_roof_snow_1_95 ignore ID=1058399, use ID=456799
WARN : Sprite       f:0 st:34,899,846 at IsoSpriteManager.AddSprite          > duplicate texture e_roof_snow_1_96 ignore ID=1058400, use ID=456800
WARN : Sprite       f:0 st:34,899,846 at IsoSpriteManager.AddSprite          > duplicate texture e_roof_snow_1_97 ignore ID=1058401, use ID=456801
WARN : Sprite       f:0 st:34,899,846 at IsoSpriteManager.AddSprite          > duplicate texture e_roof_snow_1_98 ignore ID=1058402, use ID=456802
WARN : Sprite       f:0 st:34,899,846 at IsoSpriteManager.AddSprite          > duplicate texture e_roof_snow_1_99 ignore ID=1058403, use ID=456803
WARN : Sprite       f:0 st:34,899,846 at IsoSpriteManager.AddSprite          > duplicate texture e_roof_snow_1_100 ignore ID=1058404, use ID=456804
WARN : Sprite       f:0 st:34,899,847 at IsoSpriteManager.AddSprite          > duplicate texture e_roof_snow_1_101 ignore ID=1058405, use ID=456805
WARN : Sprite       f:0 st:34,899,847 at IsoSpriteManager.AddSprite          > duplicate texture e_roof_snow_1_102 ignore ID=1058406, use ID=456806
WARN : Sprite       f:0 st:34,899,847 at IsoSpriteManager.AddSprite          > duplicate texture e_roof_snow_1_103 ignore ID=1058407, use ID=456807
WARN : Sprite       f:0 st:34,899,848 at IsoSpriteManager.AddSprite          > duplicate texture e_roof_snow_1_104 ignore ID=1058408, use ID=456808
WARN : Sprite       f:0 st:34,899,848 at IsoSpriteManager.AddSprite          > duplicate texture e_roof_snow_1_105 ignore ID=1058409, use ID=456809
WARN : Sprite       f:0 st:34,899,848 at IsoSpriteManager.AddSprite          > duplicate texture e_roof_snow_1_106 ignore ID=1058410, use ID=456810
WARN : Sprite       f:0 st:34,899,849 at IsoSpriteManager.AddSprite          > duplicate texture e_roof_snow_1_107 ignore ID=1058411, use ID=456811
WARN : Sprite       f:0 st:34,899,849 at IsoSpriteManager.AddSprite          > duplicate texture e_roof_snow_1_108 ignore ID=1058412, use ID=456812
WARN : Sprite       f:0 st:34,899,849 at IsoSpriteManager.AddSprite          > duplicate texture e_roof_snow_1_109 ignore ID=1058413, use ID=456813
WARN : Sprite       f:0 st:34,899,849 at IsoSpriteManager.AddSprite          > duplicate texture e_roof_snow_1_110 ignore ID=1058414, use ID=456814
WARN : Sprite       f:0 st:34,899,850 at IsoSpriteManager.AddSprite          > duplicate texture e_roof_snow_1_111 ignore ID=1058415, use ID=456815
WARN : Sprite       f:0 st:34,899,854 at IsoSpriteManager.AddSprite          > duplicate texture f_bushes_2_0 ignore ID=1061888, use ID=457728
WARN : Sprite       f:0 st:34,899,855 at IsoSpriteManager.AddSprite          > duplicate texture f_bushes_2_1 ignore ID=1061889, use ID=457729
WARN : Sprite       f:0 st:34,899,855 at IsoSpriteManager.AddSprite          > duplicate texture f_bushes_2_2 ignore ID=1061890, use ID=457730
WARN : Sprite       f:0 st:34,899,855 at IsoSpriteManager.AddSprite          > duplicate texture f_bushes_2_3 ignore ID=1061891, use ID=457731
WARN : Sprite       f:0 st:34,899,856 at IsoSpriteManager.AddSprite          > duplicate texture f_bushes_2_4 ignore ID=1061892, use ID=457732
WARN : Sprite       f:0 st:34,899,856 at IsoSpriteManager.AddSprite          > duplicate texture f_bushes_2_5 ignore ID=1061893, use ID=457733
WARN : Sprite       f:0 st:34,899,856 at IsoSpriteManager.AddSprite          > duplicate texture f_bushes_2_6 ignore ID=1061894, use ID=457734
WARN : Sprite       f:0 st:34,899,856 at IsoSpriteManager.AddSprite          > duplicate texture f_bushes_2_7 ignore ID=1061895, use ID=457735
WARN : Sprite       f:0 st:34,899,857 at IsoSpriteManager.AddSprite          > duplicate texture f_bushes_2_8 ignore ID=1061896, use ID=457736
WARN : Sprite       f:0 st:34,899,857 at IsoSpriteManager.AddSprite          > duplicate texture f_bushes_2_9 ignore ID=1061897, use ID=457737
WARN : Sprite       f:0 st:34,899,857 at IsoSpriteManager.AddSprite          > duplicate texture f_bushes_2_10 ignore ID=1061898, use ID=457738
WARN : Sprite       f:0 st:34,899,857 at IsoSpriteManager.AddSprite          > duplicate texture f_bushes_2_11 ignore ID=1061899, use ID=457739
WARN : Sprite       f:0 st:34,899,858 at IsoSpriteManager.AddSprite          > duplicate texture f_bushes_2_12 ignore ID=1061900, use ID=457740
WARN : Sprite       f:0 st:34,899,858 at IsoSpriteManager.AddSprite          > duplicate texture f_bushes_2_13 ignore ID=1061901, use ID=457741
WARN : Sprite       f:0 st:34,899,858 at IsoSpriteManager.AddSprite          > duplicate texture f_bushes_2_14 ignore ID=1061902, use ID=457742
WARN : Sprite       f:0 st:34,899,858 at IsoSpriteManager.AddSprite          > duplicate texture f_bushes_2_15 ignore ID=1061903, use ID=457743
WARN : Sprite       f:0 st:34,899,859 at IsoSpriteManager.AddSprite          > duplicate texture f_bushes_2_16 ignore ID=1061904, use ID=457744
WARN : Sprite       f:0 st:34,899,859 at IsoSpriteManager.AddSprite          > duplicate texture f_bushes_2_17 ignore ID=1061905, use ID=457745
WARN : Sprite       f:0 st:34,899,859 at IsoSpriteManager.AddSprite          > duplicate texture f_bushes_2_18 ignore ID=1061906, use ID=457746
WARN : Sprite       f:0 st:34,899,859 at IsoSpriteManager.AddSprite          > duplicate texture f_bushes_2_19 ignore ID=1061907, use ID=457747
WARN : Sprite       f:0 st:34,899,859 at IsoSpriteManager.AddSprite          > duplicate texture f_bushes_2_20 ignore ID=1061908, use ID=457748
WARN : Sprite       f:0 st:34,899,860 at IsoSpriteManager.AddSprite          > duplicate texture f_bushes_2_21 ignore ID=1061909, use ID=457749
WARN : Sprite       f:0 st:34,899,860 at IsoSpriteManager.AddSprite          > duplicate texture f_bushes_2_22 ignore ID=1061910, use ID=457750
WARN : Sprite       f:0 st:34,899,860 at IsoSpriteManager.AddSprite          > duplicate texture f_bushes_2_23 ignore ID=1061911, use ID=457751
WARN : Sprite       f:0 st:34,899,860 at IsoSpriteManager.AddSprite          > duplicate texture f_bushes_2_24 ignore ID=1061912, use ID=457752
WARN : Sprite       f:0 st:34,899,860 at IsoSpriteManager.AddSprite          > duplicate texture f_bushes_2_25 ignore ID=1061913, use ID=457753
WARN : Sprite       f:0 st:34,899,861 at IsoSpriteManager.AddSprite          > duplicate texture f_bushes_2_26 ignore ID=1061914, use ID=457754
WARN : Sprite       f:0 st:34,899,861 at IsoSpriteManager.AddSprite          > duplicate texture f_bushes_2_27 ignore ID=1061915, use ID=457755
WARN : Sprite       f:0 st:34,899,861 at IsoSpriteManager.AddSprite          > duplicate texture f_bushes_2_28 ignore ID=1061916, use ID=457756
WARN : Sprite       f:0 st:34,899,861 at IsoSpriteManager.AddSprite          > duplicate texture f_bushes_2_29 ignore ID=1061917, use ID=457757
WARN : Sprite       f:0 st:34,899,861 at IsoSpriteManager.AddSprite          > duplicate texture f_bushes_2_30 ignore ID=1061918, use ID=457758
WARN : Sprite       f:0 st:34,899,861 at IsoSpriteManager.AddSprite          > duplicate texture f_bushes_2_31 ignore ID=1061919, use ID=457759
WARN : Sprite       f:0 st:34,899,862 at IsoSpriteManager.AddSprite          > duplicate texture f_bushes_2_32 ignore ID=1061920, use ID=457760
WARN : Sprite       f:0 st:34,899,862 at IsoSpriteManager.AddSprite          > duplicate texture f_bushes_2_33 ignore ID=1061921, use ID=457761
WARN : Sprite       f:0 st:34,899,862 at IsoSpriteManager.AddSprite          > duplicate texture f_bushes_2_34 ignore ID=1061922, use ID=457762
WARN : Sprite       f:0 st:34,899,862 at IsoSpriteManager.AddSprite          > duplicate texture f_bushes_2_35 ignore ID=1061923, use ID=457763
WARN : Sprite       f:0 st:34,899,862 at IsoSpriteManager.AddSprite          > duplicate texture f_bushes_2_36 ignore ID=1061924, use ID=457764
WARN : Sprite       f:0 st:34,899,862 at IsoSpriteManager.AddSprite          > duplicate texture f_bushes_2_37 ignore ID=1061925, use ID=457765
WARN : Sprite       f:0 st:34,899,863 at IsoSpriteManager.AddSprite          > duplicate texture f_bushes_2_38 ignore ID=1061926, use ID=457766
WARN : Sprite       f:0 st:34,899,863 at IsoSpriteManager.AddSprite          > duplicate texture f_bushes_2_39 ignore ID=1061927, use ID=457767
WARN : Sprite       f:0 st:34,899,863 at IsoSpriteManager.AddSprite          > duplicate texture f_bushes_2_40 ignore ID=1061928, use ID=457768
WARN : Sprite       f:0 st:34,899,863 at IsoSpriteManager.AddSprite          > duplicate texture f_bushes_2_41 ignore ID=1061929, use ID=457769
WARN : Sprite       f:0 st:34,899,863 at IsoSpriteManager.AddSprite          > duplicate texture f_bushes_2_42 ignore ID=1061930, use ID=457770
WARN : Sprite       f:0 st:34,899,863 at IsoSpriteManager.AddSprite          > duplicate texture f_bushes_2_43 ignore ID=1061931, use ID=457771
WARN : Sprite       f:0 st:34,899,863 at IsoSpriteManager.AddSprite          > duplicate texture f_bushes_2_44 ignore ID=1061932, use ID=457772
WARN : Sprite       f:0 st:34,899,864 at IsoSpriteManager.AddSprite          > duplicate texture f_bushes_2_45 ignore ID=1061933, use ID=457773
WARN : Sprite       f:0 st:34,899,864 at IsoSpriteManager.AddSprite          > duplicate texture f_bushes_2_46 ignore ID=1061934, use ID=457774
WARN : Sprite       f:0 st:34,899,864 at IsoSpriteManager.AddSprite          > duplicate texture f_bushes_2_47 ignore ID=1061935, use ID=457775
WARN : Sprite       f:0 st:34,899,864 at IsoSpriteManager.AddSprite          > duplicate texture f_bushes_2_48 ignore ID=1061936, use ID=457776
WARN : Sprite       f:0 st:34,899,864 at IsoSpriteManager.AddSprite          > duplicate texture f_bushes_2_49 ignore ID=1061937, use ID=457777
WARN : Sprite       f:0 st:34,899,865 at IsoSpriteManager.AddSprite          > duplicate texture f_bushes_2_50 ignore ID=1061938, use ID=457778
WARN : Sprite       f:0 st:34,899,865 at IsoSpriteManager.AddSprite          > duplicate texture f_bushes_2_51 ignore ID=1061939, use ID=457779
WARN : Sprite       f:0 st:34,899,865 at IsoSpriteManager.AddSprite          > duplicate texture f_bushes_2_52 ignore ID=1061940, use ID=457780
WARN : Sprite       f:0 st:34,899,865 at IsoSpriteManager.AddSprite          > duplicate texture f_bushes_2_53 ignore ID=1061941, use ID=457781
WARN : Sprite       f:0 st:34,899,865 at IsoSpriteManager.AddSprite          > duplicate texture f_bushes_2_54 ignore ID=1061942, use ID=457782
WARN : Sprite       f:0 st:34,899,866 at IsoSpriteManager.AddSprite          > duplicate texture f_bushes_2_55 ignore ID=1061943, use ID=457783
WARN : Sprite       f:0 st:34,899,866 at IsoSpriteManager.AddSprite          > duplicate texture f_bushes_2_56 ignore ID=1061944, use ID=457784
WARN : Sprite       f:0 st:34,899,866 at IsoSpriteManager.AddSprite          > duplicate texture f_bushes_2_57 ignore ID=1061945, use ID=457785
WARN : Sprite       f:0 st:34,899,866 at IsoSpriteManager.AddSprite          > duplicate texture f_bushes_2_58 ignore ID=1061946, use ID=457786
WARN : Sprite       f:0 st:34,899,866 at IsoSpriteManager.AddSprite          > duplicate texture f_bushes_2_59 ignore ID=1061947, use ID=457787
WARN : Sprite       f:0 st:34,899,866 at IsoSpriteManager.AddSprite          > duplicate texture f_bushes_2_60 ignore ID=1061948, use ID=457788
WARN : Sprite       f:0 st:34,899,867 at IsoSpriteManager.AddSprite          > duplicate texture f_bushes_2_61 ignore ID=1061949, use ID=457789
WARN : Sprite       f:0 st:34,899,867 at IsoSpriteManager.AddSprite          > duplicate texture f_bushes_2_62 ignore ID=1061950, use ID=457790
WARN : Sprite       f:0 st:34,899,867 at IsoSpriteManager.AddSprite          > duplicate texture f_bushes_2_63 ignore ID=1061951, use ID=457791
WARN : Sprite       f:0 st:34,899,867 at IsoSpriteManager.AddSprite          > duplicate texture f_bushes_2_64 ignore ID=1061952, use ID=457792
WARN : Sprite       f:0 st:34,899,868 at IsoSpriteManager.AddSprite          > duplicate texture f_bushes_2_65 ignore ID=1061953, use ID=457793
WARN : Sprite       f:0 st:34,899,868 at IsoSpriteManager.AddSprite          > duplicate texture f_bushes_2_66 ignore ID=1061954, use ID=457794
WARN : Sprite       f:0 st:34,899,868 at IsoSpriteManager.AddSprite          > duplicate texture f_bushes_2_67 ignore ID=1061955, use ID=457795
WARN : Sprite       f:0 st:34,899,868 at IsoSpriteManager.AddSprite          > duplicate texture f_bushes_2_68 ignore ID=1061956, use ID=457796
WARN : Sprite       f:0 st:34,899,868 at IsoSpriteManager.AddSprite          > duplicate texture f_bushes_2_69 ignore ID=1061957, use ID=457797
WARN : Sprite       f:0 st:34,899,868 at IsoSpriteManager.AddSprite          > duplicate texture f_bushes_2_70 ignore ID=1061958, use ID=457798
WARN : Sprite       f:0 st:34,899,869 at IsoSpriteManager.AddSprite          > duplicate texture f_bushes_2_71 ignore ID=1061959, use ID=457799
WARN : Sprite       f:0 st:34,899,869 at IsoSpriteManager.AddSprite          > duplicate texture f_bushes_2_72 ignore ID=1061960, use ID=457800
WARN : Sprite       f:0 st:34,899,869 at IsoSpriteManager.AddSprite          > duplicate texture f_bushes_2_73 ignore ID=1061961, use ID=457801
WARN : Sprite       f:0 st:34,899,869 at IsoSpriteManager.AddSprite          > duplicate texture f_bushes_2_74 ignore ID=1061962, use ID=457802
WARN : Sprite       f:0 st:34,899,869 at IsoSpriteManager.AddSprite          > duplicate texture f_bushes_2_75 ignore ID=1061963, use ID=457803
WARN : Sprite       f:0 st:34,899,870 at IsoSpriteManager.AddSprite          > duplicate texture f_bushes_2_76 ignore ID=1061964, use ID=457804
WARN : Sprite       f:0 st:34,899,870 at IsoSpriteManager.AddSprite          > duplicate texture f_bushes_2_77 ignore ID=1061965, use ID=457805
WARN : Sprite       f:0 st:34,899,870 at IsoSpriteManager.AddSprite          > duplicate texture f_bushes_2_78 ignore ID=1061966, use ID=457806
WARN : Sprite       f:0 st:34,899,870 at IsoSpriteManager.AddSprite          > duplicate texture f_bushes_2_79 ignore ID=1061967, use ID=457807
WARN : Sprite       f:0 st:34,899,876 at IsoSpriteManager.AddSprite          > duplicate texture floors_overlay_wood_01_0 ignore ID=1574400, use ID=468992
WARN : Sprite       f:0 st:34,899,876 at IsoSpriteManager.AddSprite          > duplicate texture floors_overlay_wood_01_1 ignore ID=1574401, use ID=468993
WARN : Sprite       f:0 st:34,899,876 at IsoSpriteManager.AddSprite          > duplicate texture floors_overlay_wood_01_2 ignore ID=1574402, use ID=468994
WARN : Sprite       f:0 st:34,899,876 at IsoSpriteManager.AddSprite          > duplicate texture floors_overlay_wood_01_3 ignore ID=1574403, use ID=468995
WARN : Sprite       f:0 st:34,899,877 at IsoSpriteManager.AddSprite          > duplicate texture floors_overlay_wood_01_4 ignore ID=1574404, use ID=468996
WARN : Sprite       f:0 st:34,899,877 at IsoSpriteManager.AddSprite          > duplicate texture floors_overlay_wood_01_5 ignore ID=1574405, use ID=468997
WARN : Sprite       f:0 st:34,899,877 at IsoSpriteManager.AddSprite          > duplicate texture floors_overlay_wood_01_6 ignore ID=1574406, use ID=468998
WARN : Sprite       f:0 st:34,899,877 at IsoSpriteManager.AddSprite          > duplicate texture floors_overlay_wood_01_7 ignore ID=1574407, use ID=468999
WARN : Sprite       f:0 st:34,899,877 at IsoSpriteManager.AddSprite          > duplicate texture floors_overlay_wood_01_8 ignore ID=1574408, use ID=469000
WARN : Sprite       f:0 st:34,899,877 at IsoSpriteManager.AddSprite          > duplicate texture floors_overlay_wood_01_9 ignore ID=1574409, use ID=469001
WARN : Sprite       f:0 st:34,899,878 at IsoSpriteManager.AddSprite          > duplicate texture floors_overlay_wood_01_10 ignore ID=1574410, use ID=469002
WARN : Sprite       f:0 st:34,899,878 at IsoSpriteManager.AddSprite          > duplicate texture floors_overlay_wood_01_11 ignore ID=1574411, use ID=469003
WARN : Sprite       f:0 st:34,899,878 at IsoSpriteManager.AddSprite          > duplicate texture floors_overlay_wood_01_12 ignore ID=1574412, use ID=469004
WARN : Sprite       f:0 st:34,899,878 at IsoSpriteManager.AddSprite          > duplicate texture floors_overlay_wood_01_13 ignore ID=1574413, use ID=469005
WARN : Sprite       f:0 st:34,899,879 at IsoSpriteManager.AddSprite          > duplicate texture floors_overlay_wood_01_14 ignore ID=1574414, use ID=469006
WARN : Sprite       f:0 st:34,899,879 at IsoSpriteManager.AddSprite          > duplicate texture floors_overlay_wood_01_15 ignore ID=1574415, use ID=469007
WARN : Sprite       f:0 st:34,899,880 at IsoSpriteManager.AddSprite          > duplicate texture floors_overlay_wood_01_16 ignore ID=1574416, use ID=469008
WARN : Sprite       f:0 st:34,899,880 at IsoSpriteManager.AddSprite          > duplicate texture floors_overlay_wood_01_17 ignore ID=1574417, use ID=469009
WARN : Sprite       f:0 st:34,899,881 at IsoSpriteManager.AddSprite          > duplicate texture floors_overlay_wood_01_18 ignore ID=1574418, use ID=469010
WARN : Sprite       f:0 st:34,899,884 at IsoSpriteManager.AddSprite          > duplicate texture floors_overlay_wood_01_19 ignore ID=1574419, use ID=469011
WARN : Sprite       f:0 st:34,899,885 at IsoSpriteManager.AddSprite          > duplicate texture floors_overlay_wood_01_20 ignore ID=1574420, use ID=469012
WARN : Sprite       f:0 st:34,899,889 at IsoSpriteManager.AddSprite          > duplicate texture floors_overlay_wood_01_21 ignore ID=1574421, use ID=469013
WARN : Sprite       f:0 st:34,899,892 at IsoSpriteManager.AddSprite          > duplicate texture floors_overlay_wood_01_22 ignore ID=1574422, use ID=469014
WARN : Sprite       f:0 st:34,899,892 at IsoSpriteManager.AddSprite          > duplicate texture floors_overlay_wood_01_23 ignore ID=1574423, use ID=469015
WARN : Sprite       f:0 st:34,899,892 at IsoSpriteManager.AddSprite          > duplicate texture floors_overlay_wood_01_24 ignore ID=1574424, use ID=469016
WARN : Sprite       f:0 st:34,899,892 at IsoSpriteManager.AddSprite          > duplicate texture floors_overlay_wood_01_25 ignore ID=1574425, use ID=469017
WARN : Sprite       f:0 st:34,899,893 at IsoSpriteManager.AddSprite          > duplicate texture floors_overlay_wood_01_26 ignore ID=1574426, use ID=469018
WARN : Sprite       f:0 st:34,899,893 at IsoSpriteManager.AddSprite          > duplicate texture floors_overlay_wood_01_27 ignore ID=1574427, use ID=469019
WARN : Sprite       f:0 st:34,899,893 at IsoSpriteManager.AddSprite          > duplicate texture floors_overlay_wood_01_28 ignore ID=1574428, use ID=469020
WARN : Sprite       f:0 st:34,899,893 at IsoSpriteManager.AddSprite          > duplicate texture floors_overlay_wood_01_29 ignore ID=1574429, use ID=469021
WARN : Sprite       f:0 st:34,899,893 at IsoSpriteManager.AddSprite          > duplicate texture floors_overlay_wood_01_30 ignore ID=1574430, use ID=469022
WARN : Sprite       f:0 st:34,899,893 at IsoSpriteManager.AddSprite          > duplicate texture floors_overlay_wood_01_31 ignore ID=1574431, use ID=469023
WARN : Sprite       f:0 st:34,899,894 at IsoSpriteManager.AddSprite          > duplicate texture floors_overlay_wood_01_32 ignore ID=1574432, use ID=469024
WARN : Sprite       f:0 st:34,899,894 at IsoSpriteManager.AddSprite          > duplicate texture floors_overlay_wood_01_33 ignore ID=1574433, use ID=469025
WARN : Sprite       f:0 st:34,899,894 at IsoSpriteManager.AddSprite          > duplicate texture floors_overlay_wood_01_34 ignore ID=1574434, use ID=469026
WARN : Sprite       f:0 st:34,899,895 at IsoSpriteManager.AddSprite          > duplicate texture floors_overlay_wood_01_35 ignore ID=1574435, use ID=469027
WARN : Sprite       f:0 st:34,899,895 at IsoSpriteManager.AddSprite          > duplicate texture floors_overlay_wood_01_36 ignore ID=1574436, use ID=469028
WARN : Sprite       f:0 st:34,899,896 at IsoSpriteManager.AddSprite          > duplicate texture floors_overlay_wood_01_37 ignore ID=1574437, use ID=469029
WARN : Sprite       f:0 st:34,899,897 at IsoSpriteManager.AddSprite          > duplicate texture floors_overlay_wood_01_38 ignore ID=1574438, use ID=469030
WARN : Sprite       f:0 st:34,899,897 at IsoSpriteManager.AddSprite          > duplicate texture floors_overlay_wood_01_39 ignore ID=1574439, use ID=469031
WARN : Sprite       f:0 st:34,899,898 at IsoSpriteManager.AddSprite          > duplicate texture floors_overlay_wood_01_40 ignore ID=1574440, use ID=469032
WARN : Sprite       f:0 st:34,899,898 at IsoSpriteManager.AddSprite          > duplicate texture floors_overlay_wood_01_41 ignore ID=1574441, use ID=469033
WARN : Sprite       f:0 st:34,899,899 at IsoSpriteManager.AddSprite          > duplicate texture floors_overlay_wood_01_42 ignore ID=1574442, use ID=469034
WARN : Sprite       f:0 st:34,899,899 at IsoSpriteManager.AddSprite          > duplicate texture floors_overlay_wood_01_43 ignore ID=1574443, use ID=469035
WARN : Sprite       f:0 st:34,899,900 at IsoSpriteManager.AddSprite          > duplicate texture floors_overlay_wood_01_44 ignore ID=1574444, use ID=469036
WARN : Sprite       f:0 st:34,899,902 at IsoSpriteManager.AddSprite          > duplicate texture floors_overlay_wood_01_45 ignore ID=1574445, use ID=469037
WARN : Sprite       f:0 st:34,899,902 at IsoSpriteManager.AddSprite          > duplicate texture floors_overlay_wood_01_46 ignore ID=1574446, use ID=469038
WARN : Sprite       f:0 st:34,899,902 at IsoSpriteManager.AddSprite          > duplicate texture floors_overlay_wood_01_47 ignore ID=1574447, use ID=469039
WARN : Sprite       f:0 st:34,899,903 at IsoSpriteManager.AddSprite          > duplicate texture floors_overlay_wood_01_48 ignore ID=1574448, use ID=469040
WARN : Sprite       f:0 st:34,899,903 at IsoSpriteManager.AddSprite          > duplicate texture floors_overlay_wood_01_49 ignore ID=1574449, use ID=469041
WARN : Sprite       f:0 st:34,899,903 at IsoSpriteManager.AddSprite          > duplicate texture floors_overlay_wood_01_50 ignore ID=1574450, use ID=469042
WARN : Sprite       f:0 st:34,899,903 at IsoSpriteManager.AddSprite          > duplicate texture floors_overlay_wood_01_51 ignore ID=1574451, use ID=469043
WARN : Sprite       f:0 st:34,899,903 at IsoSpriteManager.AddSprite          > duplicate texture floors_overlay_wood_01_52 ignore ID=1574452, use ID=469044
WARN : Sprite       f:0 st:34,899,904 at IsoSpriteManager.AddSprite          > duplicate texture floors_overlay_wood_01_53 ignore ID=1574453, use ID=469045
WARN : Sprite       f:0 st:34,899,904 at IsoSpriteManager.AddSprite          > duplicate texture floors_overlay_wood_01_54 ignore ID=1574454, use ID=469046
WARN : Sprite       f:0 st:34,899,904 at IsoSpriteManager.AddSprite          > duplicate texture floors_overlay_wood_01_55 ignore ID=1574455, use ID=469047
WARN : Sprite       f:0 st:34,899,905 at IsoSpriteManager.AddSprite          > duplicate texture floors_overlay_wood_01_56 ignore ID=1574456, use ID=469048
WARN : Sprite       f:0 st:34,899,905 at IsoSpriteManager.AddSprite          > duplicate texture floors_overlay_wood_01_57 ignore ID=1574457, use ID=469049
WARN : Sprite       f:0 st:34,899,905 at IsoSpriteManager.AddSprite          > duplicate texture floors_overlay_wood_01_58 ignore ID=1574458, use ID=469050
WARN : Sprite       f:0 st:34,899,905 at IsoSpriteManager.AddSprite          > duplicate texture floors_overlay_wood_01_59 ignore ID=1574459, use ID=469051
WARN : Sprite       f:0 st:34,899,905 at IsoSpriteManager.AddSprite          > duplicate texture floors_overlay_wood_01_60 ignore ID=1574460, use ID=469052
WARN : Sprite       f:0 st:34,899,905 at IsoSpriteManager.AddSprite          > duplicate texture floors_overlay_wood_01_61 ignore ID=1574461, use ID=469053
WARN : Sprite       f:0 st:34,899,906 at IsoSpriteManager.AddSprite          > duplicate texture floors_overlay_wood_01_62 ignore ID=1574462, use ID=469054
WARN : Sprite       f:0 st:34,899,906 at IsoSpriteManager.AddSprite          > duplicate texture floors_overlay_wood_01_63 ignore ID=1574463, use ID=469055
WARN : Sprite       f:0 st:34,899,906 at IsoSpriteManager.AddSprite          > duplicate texture floors_overlay_wood_01_64 ignore ID=1574464, use ID=469056
WARN : Sprite       f:0 st:34,899,906 at IsoSpriteManager.AddSprite          > duplicate texture floors_overlay_wood_01_65 ignore ID=1574465, use ID=469057
WARN : Sprite       f:0 st:34,899,906 at IsoSpriteManager.AddSprite          > duplicate texture floors_overlay_wood_01_66 ignore ID=1574466, use ID=469058
WARN : Sprite       f:0 st:34,899,907 at IsoSpriteManager.AddSprite          > duplicate texture floors_overlay_wood_01_67 ignore ID=1574467, use ID=469059
WARN : Sprite       f:0 st:34,899,907 at IsoSpriteManager.AddSprite          > duplicate texture floors_overlay_wood_01_68 ignore ID=1574468, use ID=469060
WARN : Sprite       f:0 st:34,899,907 at IsoSpriteManager.AddSprite          > duplicate texture floors_overlay_wood_01_69 ignore ID=1574469, use ID=469061
WARN : Sprite       f:0 st:34,899,907 at IsoSpriteManager.AddSprite          > duplicate texture floors_overlay_wood_01_70 ignore ID=1574470, use ID=469062
WARN : Sprite       f:0 st:34,899,907 at IsoSpriteManager.AddSprite          > duplicate texture floors_overlay_wood_01_71 ignore ID=1574471, use ID=469063
LOG  : General      f:0 st:34,900,122> LoadTileDefinitions end
LOG  : General      f:0 st:34,900,163> triggerEvent OnLoadedTileDefinitions
LOG  : General      f:0 st:34,900,500> loadAnimalDefinitions start
LOG  : General      f:0 st:34,900,544> loadAnimalDefinitions end
LOG  : General      f:0 st:34,900,570> GameTime.init() and load() start
LOG  : General      f:0 st:34,900,571> GameTime.init() and load() end
LOG  : General      f:0 st:34,900,571> ZomboidRadio.Init() start
LOG  : General      f:0 st:34,900,705> :: Searching for radio data files:
LOG  : General      f:0 st:34,901,021>  Found file: C:\Program Files (x86)\Steam\steamapps\common\ProjectZomboid\media\radio\RadioData.xml
LOG  : General      f:0 st:34,901,022> :: Searching for translation files:
LOG  : General      f:0 st:34,901,023> Attempting to load translation: ES
LOG  : Lua          f:0 st:34,901,150> scriptmanager = zombie.radio.scripting.RadioScriptManager@5981b51, isNewGame = true
LOG  : Lua          f:0 st:34,901,154> name = Automated Emergency Broadcast System, freq = 100000, cat = Emergency, uuid = EMRG-711984
LOG  : General      f:0 st:34,901,159> ZomboidRadio.Init() end
LOG  : General      f:0 st:34,901,160> GlobalModData.init() start
LOG  : General      f:0 st:34,901,160> GlobalModData.init() end
LOG  : General      f:0 st:34,901,161> InstanceTracker.load() start
LOG  : General      f:0 st:34,901,167> InstanceTracker.load() end
LOG  : General      f:0 st:34,901,167> ErosionGlobals.Boot() start
LOG  : General      f:0 st:34,901,235> ErosionGlobals.Boot() end
LOG  : General      f:0 st:34,901,236> WorldDictionary.init() start
LOG  : General      f:0 st:34,901,238> WorldDictionary: Checking dictionary...
LOG  : General      f:0 st:34,901,625> WorldDictionary.init() end
LOG  : General      f:0 st:34,901,629> GameEntityManager.Init() start
LOG  : General      f:0 st:34,901,647> GameEntityManager.Init() end
LOG  : General      f:0 st:34,901,647> PersistentOutfits.init() start
LOG  : General      f:0 st:34,901,660> PersistentOutfits.init() end
LOG  : General      f:0 st:34,901,772> IsoMetaGrid.Create: finished loading in 5.313 seconds
ERROR: Lua          f:0 st:34,904,226 at Lua(Vanilla).handleMannequinZone    > ERROR: Mannequin zone missing properties in media/maps/Muldraugh, KY/objects.lua coords: 13583, 1299, 0
ERROR: General      f:0 st:34,905,821 at Basements.mergeRoomsOntoMetaCell    > duplicate RoomDef.metaID for room at 10707,9484,0
LOG  : General      f:0 st:34,906,061> Max #ZONES on one chunk is 27
LOG  : General      f:0 st:34,906,061> triggerEvent OnLoadedMapZones
LOG  : General      f:0 st:34,906,463> ItemConfigurator.Preprocess() start
LOG  : General      f:0 st:34,906,529> ItemConfigurator.Preprocess() end
LOG  : General      f:0 st:34,906,540> MapCollisionData.init() start
LOG  : General      f:0 st:34,907,437> MapCollisionData.init() end
LOG  : General      f:0 st:34,907,438> AnimalPopulationManager.init() start
LOG  : General      f:0 st:34,907,468> AnimalPopulationManager.init() end
LOG  : General      f:0 st:34,907,468> ZombiePopulationManager.init() start
LOG  : General      f:0 st:34,907,539> ZombiePopulationManager.init() end
LOG  : General      f:0 st:34,907,540> Pathfind init() start
LOG  : General      f:0 st:34,907,561> Pathfind init() end
LOG  : General      f:0 st:34,907,563> WorldStreamer.create() start
LOG  : General      f:0 st:34,907,565> WorldStreamer.create() end
LOG  : General      f:0 st:34,907,566> CellLoader.LoadCellBinaryChunk start
LOG  : General      f:0 st:34,907,569> CellLoader.LoadCellBinaryChunk start
LOG  : General      f:0 st:34,907,571> WorldStreamer.isBusy() loop start
LOG  : General      f:0 st:34,907,571> WorldStreamer.isBusy() loop end
LOG  : General      f:0 st:34,907,576> MetaTracker.load() start
LOG  : General      f:0 st:34,907,577> MetaTracker.load() end
LOG  : Network      f:0 st:34,907,639> Initialising RakNet...
LOG  : Network      f:0 st:34,907,676> *** SERVER STARTED ****
LOG  : Network      f:0 st:34,907,676> *** Steam is not enabled
LOG  : Lua          f:0 st:34,907,681> LuaNet: Initializing...
LOG  : Lua          f:0 st:34,907,681> LuaNet: Registering server listener...
LOG  : Lua          f:0 st:34,907,681> LuaNet: Initialization [DONE], triggering events for 'LuaNet.onInitAdd'.
